,_id,asset_text,spend,impressions,clicks,link_click,post_engagement,lead,page_engagement,post_reaction,video_view,cpm,cpc,ctr,cpl,ctl,campaign_id,onsite_conversion.lead_grouped,offsite_conversion.fb_pixel_custom,landing_page_view,comment,like,post,onsite_conversion.post_save,onsite_conversion.messaging_first_reply,onsite_conversion.total_messaging_connection,onsite_conversion.messaging_user_depth_2_message_send,onsite_conversion.messaging_conversation_replied_7d,onsite_conversion.messaging_user_depth_3_message_send
0,66d7e314b3fdb1cfea4463ba,Upgrade to ATS Homekraft Today,295.512444,1046.0,17.0,6.0,43.0,0.0,43.0,0.0,37.0,282.51667686424474,17.38308494117647,0.016252390057361378,,,120211992769850764,,,,,,,,,,,,
1,66d7e314b3fdb1cfea4463bb,Book Your Dream Flat Now,81.468619,270.0,3.0,0.0,28.0,0.0,28.0,0.0,28.0,301.73562592592594,27.156206333333333,0.011111111111111112,,,120211992769850764,,,,,,,,,,,,
2,66d7e314b3fdb1cfea4463bc,Luxury Flats on Dwarka Expressway,259.351934,906.0,27.0,8.0,153.0,0.0,153.0,2.0,143.0,286.26041280353206,9.605627185185186,0.029801324503311258,,,120211992769850764,,,,,,,,,,,,
3,66d7e314b3fdb1cfea4463bd,Luxury Flats on Dwarka Expressway,22.983968,107.0,1.0,0.0,1.0,0.0,1.0,1.0,,214.80343925233646,22.983968,0.009345794392523364,,,120211992769850764,,,,,,,,,,,,
4,66d7e314b3fdb1cfea4463be,Upgrade to ATS Homekraft Today,94.395226,417.0,5.0,1.0,1.0,0.0,1.0,0.0,,226.36744844124698,18.8790452,0.011990407673860911,,,120211992769850764,,,,,,,,,,,,
5,66d7e314b3fdb1cfea4463bf,Book Your Dream Flat Now,155.929077,745.0,3.0,2.0,3.0,0.0,3.0,1.0,,209.30077449664432,51.976359,0.004026845637583893,,,120211992769850764,,,,,,,,,,,,
6,66d7e314b3fdb1cfea4463c0,Prime Shops in New Gurgaon!,219.28805,920.0,27.0,12.0,153.0,3.0,153.0,1.0,140.0,238.35657608695652,8.12177962962963,0.029347826086956522,73.09601666666667,9.0,120211992715800764,3.0,3.0,,,,,,,,,,
7,66d7e314b3fdb1cfea4463c1,Secure Your Shop Today!,20.480319,91.0,0.0,0.0,0.0,0.0,0.0,0.0,,225.05845054945058,,0.0,,,120211992715800764,,,,,,,,,,,,
8,66d7e314b3fdb1cfea4463c2,Boost Your Business Here!,584.781435,1610.0,45.0,13.0,292.0,3.0,292.0,4.0,275.0,363.21828260869563,12.995143,0.027950310559006212,194.927145,15.0,120211992715800764,3.0,3.0,,,,,,,,,,
9,66d7e314b3fdb1cfea4463c3,Secure Your Shop Today!,4.967949,44.0,0.0,0.0,0.0,0.0,0.0,0.0,,112.90793181818181,,0.0,,,120211992715800764,,,,,,,,,,,,
10,66d7e314b3fdb1cfea4463c4,Boost Your Business Here!,6.843399,73.0,1.0,0.0,0.0,0.0,0.0,0.0,,93.74519178082191,6.843399,0.0136986301369863,,,120211992715800764,,,,,,,,,,,,
11,66d7e314b3fdb1cfea4463c5,Prime Shops in New Gurgaon!,2.543829,12.0,0.0,0.0,0.0,0.0,0.0,0.0,,211.98575000000002,,0.0,,,120211992715800764,,,,,,,,,,,,
12,66d7e314b3fdb1cfea4463c6,"Get ‚Çπ62,500 Monthly Rental Income",125.226226,668.0,6.0,1.0,2.0,1.0,2.0,1.0,,187.4644101796407,20.871037666666666,0.008982035928143712,125.226226,6.0,120211992715800764,1.0,1.0,1.0,,,,,,,,,
13,66d7e314b3fdb1cfea4463c7,"Get ‚Çπ62,500 Monthly Rental Income",175.344648,595.0,7.0,3.0,67.0,0.0,67.0,0.0,64.0,294.696887394958,25.04923542857143,0.011764705882352941,,,120211992715800764,,,,,,,,,,,,
14,66d7e314b3fdb1cfea4463c8,Exclusive Offer - Limited Time!,339.36876,1082.0,23.0,13.0,108.0,0.0,108.0,2.0,93.0,313.6495009242144,14.75516347826087,0.021256931608133085,,,120211915589710764,,,,,,,,,,,,
15,66d7e314b3fdb1cfea4463c9,Luxurious Flats Await! Book Now,149.850751,398.0,11.0,4.0,63.0,0.0,63.0,2.0,57.0,376.50942462311554,13.622795545454546,0.02763819095477387,,,120211915589710764,,,,,,,,,,,,
16,66d7e314b3fdb1cfea4463ca,Your Dream Home Here!,62.207286,271.0,5.0,0.0,21.0,0.0,21.0,0.0,21.0,229.54718081180812,12.4414572,0.01845018450184502,,,120211915589710764,,,,,,,,,,,,
17,66d7e314b3fdb1cfea4463cb,Luxurious Flats Await! Book Now,2235.897047,1161.0,17.0,9.0,10.0,1.0,10.0,1.0,,1925.8372497846683,131.52335570588235,0.014642549526270457,2235.897047,17.0,120211915589710764,1.0,2.0,1.0,,,,,,,,,
18,66d7e314b3fdb1cfea4463cc,Your Dream Home Here!,39.807071,133.0,0.0,0.0,0.0,0.0,0.0,0.0,,299.30128571428577,,0.0,,,120211915589710764,,,,,,,,,,,,
19,66d7e314b3fdb1cfea4463cd,Exclusive Offer - Limited Time!,467.438472,2206.0,21.0,15.0,17.0,1.0,17.0,2.0,,211.8941396192203,22.258974857142857,0.009519492293744334,467.438472,21.0,120211915589710764,1.0,2.0,1.0,,,,,,,,,
20,66d7e314b3fdb1cfea4463ce,Exclusive Offer - Limited Time!,721.690713,186.0,5.0,3.0,15.0,0.0,15.0,0.0,12.0,3880.0575967741934,144.3381426,0.026881720430107527,,,120211887712890764,,,,,,,,,,,,
21,66d7e314b3fdb1cfea4463cf,Your Dream Home Here!,2.759123,3.0,0.0,0.0,0.0,0.0,0.0,0.0,,919.7076666666667,,0.0,,,120211887712890764,,,,,,,,,,,,
22,66d7e314b3fdb1cfea4463d0,Your Dream Home Here!,34.189138,16.0,0.0,0.0,0.0,0.0,0.0,0.0,,2136.821125,,0.0,,,120211887712890764,,,,,,,,,,,,
23,66d7e314b3fdb1cfea4463d1,Exclusive Offer - Limited Time!,54.292751,13.0,0.0,0.0,0.0,0.0,0.0,0.0,,4176.365461538462,,0.0,,,120211887712890764,,,,,,,,,,,,
24,66d7e314b3fdb1cfea4463d2,Own a Piece of Luxury in India,211.172909,91.0,2.0,2.0,2.0,0.0,2.0,0.0,,2320.5814175824175,105.5864545,0.02197802197802198,,,120211887712890764,,,,,,,,,,,,
25,66d7e314b3fdb1cfea4463d3,Own a Piece of Luxury in India,250.26049,61.0,2.0,0.0,5.0,0.0,5.0,2.0,3.0,4102.6309836065575,125.130245,0.03278688524590164,,,120211887712890764,,,,,,,,,,,,
26,66d7e314b3fdb1cfea4463d4,Secure Your Global Home,300.154638,68.0,0.0,0.0,10.0,0.0,10.0,0.0,10.0,4414.038794117647,,0.0,,,120211887712890764,,,,,,,,,,,,
27,66d7e314b3fdb1cfea4463d5,Secure Your Shop Now!,215.322543,404.0,5.0,1.0,1.0,0.0,1.0,0.0,,532.9765915841584,43.064508599999996,0.012376237623762377,,,120211836689260764,,,,,,,,,,,,
28,66d7e314b3fdb1cfea4463d6,Limited Units - Act Fast!,386.758835,537.0,7.0,1.0,1.0,0.0,1.0,0.0,,720.221294227188,55.251262142857136,0.01303538175046555,,,120211836689260764,,,,,,,,,,,,
29,66d7e314b3fdb1cfea4463d7,Prime Retail Spaces at 54 Lakhs!,428.565738,559.0,14.0,4.0,5.0,1.0,5.0,1.0,,766.6650053667263,30.611838428571428,0.025044722719141325,428.565738,14.0,120211836689260764,1.0,1.0,,,,,,,,,,
30,66d7e314b3fdb1cfea4463d8,Limited Units - Act Fast!,234.426558,736.0,10.0,7.0,7.0,0.0,7.0,0.0,,318.51434510869564,23.4426558,0.01358695652173913,,,120211836689260764,,,,,,,,,,,,
31,66d7e314b3fdb1cfea4463d9,Secure Your Shop Now!,26.231782,54.0,0.0,0.0,0.0,0.0,0.0,0.0,,485.7737407407407,,0.0,,,120211836689260764,,,,,,,,,,,,
32,66d7e314b3fdb1cfea4463da,Prime Retail Spaces at 54 Lakhs!,876.065544,1166.0,14.0,7.0,7.0,1.0,7.0,0.0,,751.3426620926243,62.576110285714286,0.012006861063464836,876.065544,14.0,120211836689260764,1.0,1.0,,,,,,,,,,
33,66d7e314b3fdb1cfea4463db,Limited Plots Available! Act Fast,19.99,47.0,1.0,0.0,3.0,0.0,3.0,0.0,3.0,425.3191489361702,19.99,0.02127659574468085,,,120211763205370764,,,,,,,,,,,,
34,66d7e314b3fdb1cfea4463dc,Luxury Farmhouse Plots Await!,51.78,108.0,5.0,1.0,4.0,0.0,4.0,0.0,3.0,479.44444444444446,10.356,0.046296296296296294,,,120211763205370764,,,,,,,,,,,,
35,66d7e314b3fdb1cfea4463dd,Call 9625911553 For Details!,82.85,156.0,11.0,2.0,15.0,0.0,15.0,1.0,12.0,531.0897435897435,7.531818181818181,0.07051282051282051,,,120211763205370764,,,,,,,,,,,,
36,66d7e314b3fdb1cfea4463de,Secure Your Eco-Friendly Paradise!,978.076686,7590.0,83.0,18.0,59.0,3.0,59.0,3.0,38.0,128.86385849802372,11.784056457831324,0.010935441370223979,326.025562,27.666666666666668,120211668082000764,3.0,2.0,,,,,,,,,,
37,66d7e314b3fdb1cfea4463df,Goa's Greatest Villa & Bungalow Plots,4119.753637,22979.0,325.0,114.0,257.0,5.0,258.0,9.0,131.0,179.28341690238912,12.676165036923077,0.01414334827451151,823.9507274,65.0,120211668082000764,5.0,10.0,,3.0,1.0,,,,,,,
38,66d7e314b3fdb1cfea4463e0,Enquire Now. Call 9811023094,2006.528907,12051.0,178.0,57.0,96.0,1.0,96.0,4.0,35.0,166.50310405775454,11.272634308988764,0.014770558459878848,2006.528907,178.0,120211668082000764,1.0,2.0,,,,,,,,,,
39,66d7e314b3fdb1cfea4463e1,Goa's Greatest Villa & Bungalow Plots,315.94113,790.0,14.0,6.0,123.0,1.0,123.0,2.0,114.0,399.9254810126582,22.56722357142857,0.017721518987341773,315.94113,14.0,120211668082000764,1.0,2.0,,1.0,,,,,,,,
40,66d7e314b3fdb1cfea4463e2,Secure Your Eco-Friendly Paradise!,630.0239,2549.0,33.0,15.0,389.0,1.0,389.0,2.0,371.0,247.1651235778737,19.091633333333334,0.012946253432718713,630.0239,33.0,120211668082000764,1.0,2.0,,1.0,,,,,,,,
41,66d7e314b3fdb1cfea4463e3,Enquire Now. Call 9811023094,1111.16921,3203.0,31.0,26.0,494.0,0.0,494.0,2.0,466.0,346.9151451763971,35.84416806451613,0.00967842647517952,,,120211668082000764,,,,,,,,,,,,
42,66d7e314b3fdb1cfea4463e4,Limited Plots Available! Act Fast,0.01,1.0,0.0,0.0,0.0,0.0,0.0,0.0,,10.0,,0.0,,,120211585949220764,,,,,,,,,,,,
43,66d7e314b3fdb1cfea4463e5,Luxury Farmhouse Plots Await!,2.94,7.0,0.0,0.0,0.0,0.0,0.0,0.0,,420.0,,0.0,,,120211585949220764,,,,,,,,,,,,
44,66d7e314b3fdb1cfea4463e6,Call 9560973633 For Details!,13.67,19.0,0.0,0.0,0.0,0.0,0.0,0.0,,719.4736842105264,,0.0,,,120211585949220764,,,,,,,,,,,,
45,66d7e314b3fdb1cfea4463e7,Elevate Your Lifestyle At SmartWorld 69!,84.522826,100.0,1.0,0.0,12.0,0.0,12.0,0.0,12.0,845.22826,84.522826,0.01,,,120211545497890764,,,,,,,,,,,,
46,66d7e314b3fdb1cfea4463e8,Act fast! Claim your dream home by filling out the form.,2036.077174,1080.0,10.0,5.0,68.0,0.0,68.0,0.0,63.0,1885.2566425925927,203.6077174,0.009259259259259259,,,120211545497890764,,,,,,,,,,,,
47,66d7e314b3fdb1cfea4463e9,Elevate Your Lifestyle At SmartWorld 69!,3248.358491,8356.0,106.0,45.0,135.0,14.0,135.0,17.0,71.0,388.7456308042125,30.6448914245283,0.012685495452369555,232.0256065,7.571428571428571,120211524349950764,14.0,13.0,,1.0,,1.0,,,,,,
48,66d7e314b3fdb1cfea4463ea, Live In Ultimate Luxury‚ÄîBook A Visit Now!,501.093327,312.0,3.0,1.0,2.0,0.0,2.0,1.0,,1606.0683557692307,167.031109,0.009615384615384616,,,120211524349950764,,,,,,,,,,,,
49,66d7e314b3fdb1cfea4463eb,Act fast! Claim your dream home by filling out the form.,3249.448259,4950.0,72.0,27.0,754.0,4.0,754.0,10.0,716.0,656.4541937373737,45.13122581944444,0.014545454545454545,812.36206475,18.0,120211524349950764,4.0,3.0,,,,,1.0,,,,,
50,66d7e314b3fdb1cfea4463ec,Premium Living Awaits,627.659632,778.0,25.0,17.0,95.0,0.0,95.0,2.0,76.0,806.7604524421594,25.106385279999998,0.032133676092544985,,,120211318900910764,,,,,,,,,,,,
51,66d7e314b3fdb1cfea4463ed,Discover Parth Kiona Today,122.208682,404.0,5.0,2.0,45.0,0.0,45.0,0.0,43.0,302.4967376237624,24.4417364,0.012376237623762377,,,120211318900910764,,,,,,,,,,,,
52,66d7e314b3fdb1cfea4463ee,Luxury 2BHK at ‚Çπ84L+,40.486434,184.0,2.0,0.0,18.0,0.0,18.0,1.0,17.0,220.03496739130435,20.243217,0.010869565217391304,,,120211318900910764,,,,,,,,,,,,
53,66d7e314b3fdb1cfea4463ef,Luxury 2BHK at ‚Çπ78.50L+,389.736884,2248.0,11.0,6.0,9.0,0.0,9.0,3.0,,173.3705,35.43062581818182,0.004893238434163701,,,120211318900910764,,,,,,,,,,,,
54,66d7e314b3fdb1cfea4463f0,Luxury 2BHK at ‚Çπ78.50L+,92.143607,202.0,0.0,0.0,19.0,0.0,19.0,0.0,19.0,456.1564702970297,,0.0,,,120211318900910764,,,,,,,,,,,,
55,66d7e314b3fdb1cfea4463f1,Experience Elegance and Comfort,683.633226,954.0,8.0,6.0,76.0,0.0,76.0,2.0,68.0,716.5966729559749,85.45415325,0.008385744234800839,,,120211318900910764,,,,,,,,,,,,
56,66d7e314b3fdb1cfea4463f2,Discover Luxurious Living at Parth Kiona,10.451335,25.0,1.0,1.0,1.0,0.0,1.0,0.0,,418.0534,10.451335,0.04,,,120211318900910764,,,,,,,,,,,,
57,66d7e314b3fdb1cfea4463f3,Premium 2BHK at 84L+,173.905821,325.0,4.0,1.0,3.0,0.0,3.0,2.0,,535.0948338461538,43.47645525,0.012307692307692308,,,120211318900910764,,,,,,,,,,,,
58,66d7e314b3fdb1cfea4463f4,Luxury Villas Starting at 1.5 Cr,94.845404,380.0,9.0,0.0,0.0,0.0,0.0,0.0,,249.5931684210526,10.538378222222223,0.02368421052631579,,,120211258253310764,,,,,,,,,,,,
59,66d7e314b3fdb1cfea4463f5,Secure Your Exclusive Villa Now,658.768078,2071.0,42.0,9.0,12.0,0.0,12.0,3.0,,318.0917807822308,15.684954238095237,0.020280057943022695,,,120211258253310764,,,,,,,,,,,,
60,66d7e314b3fdb1cfea4463f6,Live Amidst Aravalli Hills,448.888248,1890.0,33.0,5.0,8.0,1.0,8.0,3.0,,237.5070095238095,13.60267418181818,0.01746031746031746,448.888248,33.0,120211258253310764,1.0,1.0,,,,,,,,,,
61,66d7e314b3fdb1cfea4463f7,3BHK+Utility Starting 1.5 Cr,351.02299,2038.0,13.0,8.0,14.0,0.0,14.0,6.0,,172.23895485770362,27.00176846153846,0.006378802747791953,,,120211258253310764,,,,,,,,,,,,
62,66d7e314b3fdb1cfea4463f8,Luxury Flats in Gurgaon,260.087397,1127.0,8.0,3.0,6.0,0.0,6.0,3.0,,230.77852440106477,32.510924625,0.00709849157054126,,,120211258253310764,,,,,,,,,,,,
63,66d7e314b3fdb1cfea4463f9,Luxury 3BHK Starting at 1.5 Cr,9.679531,63.0,0.0,0.0,0.0,0.0,0.0,0.0,,153.64334920634923,,0.0,,,120211258253310764,,,,,,,,,,,,
64,66d7e314b3fdb1cfea4463fa,3.5 BHK Luxury Floors Starting at 1.5 Cr,113.634494,477.0,8.0,7.0,10.0,0.0,10.0,2.0,,238.22745073375265,14.20431175,0.016771488469601678,,,120211258253310764,,,,,,1.0,,,,,,
65,66d7e314b3fdb1cfea4463fb,3.5 BHK  1.5 Cr onwards,33.098396,89.0,2.0,1.0,1.0,0.0,1.0,0.0,,371.89208988764045,16.549198,0.02247191011235955,,,120211258253310764,,,,,,,,,,,,
66,66d7e314b3fdb1cfea4463fc,Luxury Floors Starting 1.5 Cr,213.869636,228.0,0.0,0.0,2.0,0.0,2.0,1.0,1.0,938.0247192982457,,0.0,,,120211258253310764,,,,,,,,,,,,
67,66d7e314b3fdb1cfea4463fd,Luxury Floors Starting at 1.5 Cr,911.605826,3767.0,32.0,17.0,24.0,0.0,24.0,5.0,,241.99783010353067,28.4876820625,0.008494823466949828,,,120211258253310764,,,,,,2.0,,1.0,,,,
68,66d7e314b3fdb1cfea4463fe,Invest Now: Satya The Hive,1688.393642,5582.0,58.0,25.0,993.0,3.0,993.0,8.0,960.0,302.4710931565747,29.11023520689655,0.010390541024722321,562.7978806666666,19.333333333333332,120211112693250764,3.0,1.0,,,,,,,,,,
69,66d7e314b3fdb1cfea4463ff,Sec 102: Retail Spaces Ready,1267.054078,4588.0,42.0,13.0,888.0,5.0,888.0,7.0,868.0,276.16697428073235,30.167954238095234,0.009154315605928508,253.41081559999998,8.4,120211112693250764,5.0,,,,,,,,,,,
70,66d7e314b3fdb1cfea446400,Prime Shops at Satya The Hive,1971.303619,3278.0,64.0,36.0,603.0,6.0,603.0,6.0,561.0,601.3738923123856,30.801619046875,0.019524100061012812,328.5506031666667,10.666666666666666,120211112693250764,6.0,,,,,,,,,,,
71,66d7e314b3fdb1cfea446401,Commercial Plots I 40 Lakhs onwards,3727.745164,6257.0,146.0,34.0,49.0,9.0,49.0,12.0,,595.7719616429598,25.53250112328767,0.023333866070001597,414.1939071111111,16.22222222222222,120211099272390764,9.0,10.0,1.0,2.0,,,1.0,,,,,
72,66d7e314b3fdb1cfea446402,Commercial Plot near NH58 I 40 Lakhs onwards,748.89156,1361.0,32.0,5.0,9.0,1.0,9.0,4.0,,550.2509625275533,23.40286125,0.02351212343864805,748.89156,32.0,120211099272390764,1.0,2.0,,,,,,,,,,
73,66d7e314b3fdb1cfea446403,Starting 1.9 Cr I EOI 5 lakhs,27195.7,136304.0,1165.0,514.0,652.0,56.0,653.0,125.0,2.0,199.52239112571897,23.34394849785408,0.008547071252494425,485.6375,20.803571428571427,120211085617680764,56.0,49.0,6.0,6.0,1.0,3.0,2.0,,,,,
74,66d7e314b3fdb1cfea446404,Luxury Flats in Pune!,102.289786,215.0,0.0,0.0,0.0,0.0,0.0,0.0,,475.7664465116279,,0.0,,,120211080040380764,,,,,,,,,,,,
75,66d7e314b3fdb1cfea446405,2BHK I 74 Lakhs,848.065317,498.0,10.0,5.0,5.0,1.0,5.0,0.0,,1702.9424036144578,84.80653170000001,0.020080321285140562,848.065317,10.0,120211080040380764,1.0,1.0,,,,,,,,,,
76,66d7e314b3fdb1cfea446406,Luxury Flats in Pune!,250.484988,406.0,6.0,2.0,2.0,0.0,2.0,0.0,,616.9580985221675,41.747498,0.014778325123152709,,,120211080040380764,,,,,,,,,,,,
77,66d7e314b3fdb1cfea446407,2BHK I 74 Lakhs,836.366486,3490.0,31.0,17.0,25.0,0.0,25.0,6.0,1.0,239.64655759312322,26.97956406451613,0.008882521489971347,,,120211080040380764,,,,,,1.0,,,,,,
78,66d7e314b3fdb1cfea446408,Luxury Flats in Hinjewadi,337.256324,4724.0,31.0,24.0,33.0,0.0,33.0,8.0,,71.39210922946656,10.879236258064516,0.006562235393734124,,,120211080040380764,,,,,,1.0,,,,,,
79,66d7e314b3fdb1cfea446409,Luxury Flats in Hinjewadi,31.916813,63.0,3.0,1.0,1.0,0.0,1.0,0.0,,506.6160793650794,10.638937666666667,0.047619047619047616,,,120211080040380764,,,,,,,,,,,,
80,66d7e314b3fdb1cfea44640a,Inaugural Offer  I 3BHK at 2.3 Cr,1218.829568,2020.0,22.0,5.0,7.0,1.0,7.0,2.0,,603.3809742574258,55.401344,0.01089108910891089,1218.829568,22.0,120210969825640764,1.0,1.0,,,,,,,,,,
81,66d7e314b3fdb1cfea44640b,Accepting EOI I 3BHK Flats starting 2.3 Cr,1486.831309,2617.0,45.0,5.0,12.0,0.0,12.0,6.0,,568.1434119220481,33.040695755555554,0.01719526175009553,,,120210969825640764,,,,1.0,,,,,,,,
82,66d7e314b3fdb1cfea44640c,Live Luxury in Sector 93 Gurgaon!,83.925269,260.0,3.0,1.0,1.0,0.0,1.0,0.0,,322.78949615384613,27.975089666666666,0.011538461538461539,,,120210959310030764,,,,,,,,,,,,
83,66d7e314b3fdb1cfea44640d,Discover Prime 3BHK Flats Now!,859.151568,320.0,9.0,4.0,4.0,1.0,4.0,0.0,,2684.84865,95.46128533333334,0.028125,859.151568,9.0,120210959310030764,1.0,1.0,,,,,,,,,,
84,66d7e314b3fdb1cfea44640e,Accepting EOI I 3BHK Flats starting 2.3 Cr,137.12227,448.0,10.0,6.0,6.0,0.0,6.0,0.0,,306.0764955357143,13.712226999999999,0.022321428571428572,,,120210959310030764,,,,,,,,,,,,
85,66d7e314b3fdb1cfea44640f,Move In to KOHINOOR CENTRAL PARK üè°,99.27153,279.0,5.0,0.0,2.0,0.0,2.0,2.0,,355.81193548387097,19.854306,0.017921146953405017,,,120210858209180764,,,,,,,,,,,,
86,66d7e314b3fdb1cfea446410,Get your dream home today,161.283746,249.0,4.0,0.0,1.0,0.0,1.0,1.0,,647.7258875502008,40.3209365,0.01606425702811245,,,120210858209180764,,,,,,,,,,,,
87,66d7e314b3fdb1cfea446411,Luxury Living at Strategic Location,293.375864,361.0,5.0,0.0,2.0,0.0,2.0,2.0,,812.6755235457064,58.6751728,0.013850415512465374,,,120210858209180764,,,,,,,,,,,,
88,66d7e314b3fdb1cfea446412,Luxury Living at Strategic Location,120.455455,317.0,10.0,3.0,5.0,0.0,5.0,2.0,,379.9856624605678,12.0455455,0.031545741324921134,,,120210858209180764,,,,,,,,,,,,
89,66d7e314b3fdb1cfea446413,Get your dream home today,136.570833,706.0,5.0,0.0,0.0,0.0,0.0,0.0,,193.44310623229458,27.3141666,0.007082152974504249,,,120210858209180764,,,,,,,,,,,,
90,66d7e314b3fdb1cfea446414,Move In to KOHINOOR CENTRAL PARK üè°,1246.002663,12093.0,66.0,21.0,42.0,1.0,42.0,18.0,3.0,103.03503373852642,18.878828227272727,0.005457702803274621,1246.002663,66.0,120210858209180764,1.0,,,,,,,,,,,
91,66d7e314b3fdb1cfea446415,2BHK starting 84 lakhs @ Hinjewadi Pune,546.163367,5990.0,39.0,23.0,36.0,0.0,36.0,13.0,,91.17919315525876,14.004188897435897,0.00651085141903172,,,120210858209180764,,,,,,,,,,,,
92,66d7e314b3fdb1cfea446416,2BHK Onwards KOHINOOR CENTRAL PARK üè°,22.173641,44.0,2.0,1.0,1.0,0.0,1.0,0.0,,503.94638636363635,11.0868205,0.045454545454545456,,,120210858209180764,,,,,,,,,,,,
93,66d7e314b3fdb1cfea446417,2BHK Dream home Starting 85 Lakhs,307.061939,1992.0,23.0,14.0,18.0,0.0,18.0,2.0,1.0,154.14755973895583,13.350519086956522,0.011546184738955823,,,120210858209180764,,,,,,1.0,,,,,,
94,66d7e314b3fdb1cfea446418,2BHK starting 84 lakhs. Download Brochure,6352.608155,105035.0,644.0,429.0,578.0,9.0,579.0,148.0,,60.480869757699814,9.864298377329192,0.006131289570143286,705.8453505555556,71.55555555555556,120210858209180764,9.0,9.0,,1.0,1.0,,,,,,,
95,66d7e314b3fdb1cfea446419,Kohinoor Central Park I Download Brochure,4322.410389,48905.0,352.0,196.0,245.0,3.0,245.0,41.0,4.0,88.38381329107452,12.27957496875,0.007197628054391166,1440.803463,117.33333333333333,120210858209180764,3.0,2.0,,2.0,,1.0,1.0,,,,,
96,66d7e314b3fdb1cfea44641a,Unlock High ROI Instantly!,2578.299833,5511.0,106.0,39.0,46.0,5.0,48.0,7.0,,467.846095626928,24.32358333018868,0.019234258755216838,515.6599666,21.2,120210852204310764,5.0,,,,2.0,,,,,,,
97,66d7e314b3fdb1cfea44641b,Secure Your Space Today!,66.711702,47.0,1.0,0.0,0.0,0.0,0.0,0.0,,1419.397914893617,66.711702,0.02127659574468085,,,120210852204310764,,,,,,,,,,,,
98,66d7e314b3fdb1cfea44641c,Invest in Prime Retail Now!,176.198847,488.0,7.0,2.0,3.0,0.0,3.0,1.0,,361.0632110655738,25.171263857142858,0.014344262295081968,,,120210852204310764,,,,,,,,,,,,
99,66d7e314b3fdb1cfea44641d,Own Your Dream Flat Today,509.183913,368.0,4.0,0.0,1.0,0.0,1.0,1.0,,1383.6519375,127.29597825,0.010869565217391304,,,120210849810150764,,,,,,,,,,,,
100,66d7e314b3fdb1cfea44641e,Luxurious Living Starts Now!,1947.979832,2037.0,46.0,10.0,12.0,2.0,12.0,2.0,,956.2983956799214,42.347387652173914,0.022582228767795778,973.989916,23.0,120210849810150764,2.0,,,,,,,,,,,
101,66d7e314b3fdb1cfea44641f,Book Your 3BHK in Gurugram!,268.366652,557.0,4.0,2.0,2.0,0.0,2.0,0.0,,481.8072746858169,67.091663,0.00718132854578097,,,120210849810150764,,,,,,,,,,,,
102,66d7e314b3fdb1cfea446420,Book Your 3BHK in Gurugram!,127.360953,579.0,2.0,0.0,0.0,0.0,0.0,0.0,,219.967103626943,63.6804765,0.0034542314335060447,,,120210849810150764,,,,,,,,,,,,
103,66d7e314b3fdb1cfea446421,Luxurious Living Starts Now!,793.864283,2560.0,19.0,6.0,6.0,1.0,6.0,0.0,,310.103235546875,41.78233068421053,0.007421875,793.864283,19.0,120210849810150764,1.0,1.0,,,,,,,,,,
104,66d7e314b3fdb1cfea446422,Own Your Dream Flat Today,4262.088668,20508.0,97.0,56.0,93.0,3.0,93.0,21.0,16.0,207.82566159547497,43.9390584329897,0.004729861517456602,1420.6962226666667,32.333333333333336,120210849810150764,3.0,2.0,,,,,,,,,,
105,66d7e314b3fdb1cfea446423, 3BHK Starting 3.6 Cr.,14350.273703,47913.0,258.0,177.0,238.0,7.0,238.0,59.0,1.0,299.50689172040995,55.621215903100776,0.005384759877277566,2050.0391004285716,36.857142857142854,120210849810150764,7.0,6.0,,,,1.0,,,,,,
106,66d7e314b3fdb1cfea446424,Highest Home in Gurgaon at 3.6 Cr,3217.380985,22279.0,216.0,98.0,111.0,2.0,111.0,13.0,,144.4131686790251,14.895282337962962,0.009695228690695274,1608.6904925,108.0,120210849810150764,2.0,3.0,1.0,,,,,,,,,
107,66d7e314b3fdb1cfea446425,Avail inaugural Offer,11054.41294,48193.0,280.0,167.0,253.0,7.0,254.0,38.0,39.0,229.37797895959994,39.480046214285714,0.005809972402631087,1579.2018485714286,40.0,120210849810150764,7.0,7.0,1.0,1.0,1.0,5.0,3.0,,,,,
108,66d7e314b3fdb1cfea446426,Hurry! Limited Inventory,131.401205,97.0,1.0,1.0,1.0,0.0,1.0,0.0,,1354.6515979381445,131.401205,0.010309278350515464,,,120210808629270764,,,,,,,,,,,,
109,66d7e314b3fdb1cfea446427,Luxury Living Awaits You,710.790146,902.0,7.0,2.0,5.0,1.0,5.0,3.0,,788.0156829268293,101.54144942857144,0.007760532150776054,710.790146,7.0,120210808629270764,1.0,,,,,,,,,,,
110,66d7e314b3fdb1cfea446428,Discover M3M Golf Hills,2155.413634,1651.0,32.0,17.0,24.0,6.0,24.0,5.0,,1305.5200690490612,67.3566760625,0.019382192610539067,359.2356056666667,5.333333333333333,120210808629270764,6.0,,,1.0,,1.0,,,,,,
111,66d7e314b3fdb1cfea446429,Exclusive 3.5BHK Flats,7098.034372,142946.0,783.0,547.0,799.0,10.0,799.0,244.0,3.0,49.65535497320667,9.065177997445721,0.005477592937193066,709.8034372,78.3,120210808629270764,10.0,2.0,,1.0,,3.0,1.0,,,,,
112,66d7e314b3fdb1cfea44642a,3.5 BHK starting 3 Cr,404.270643,7164.0,48.0,34.0,42.0,0.0,42.0,8.0,,56.43085469011725,8.4223050625,0.006700167504187605,,,120210808629270764,,,,,,,,,,,,
113,66d7e314b3fdb1cfea44642b,Claim Your Prime Plot Now!,3115.96552,25504.0,790.0,152.0,173.0,64.0,173.0,20.0,,122.17556148055208,3.9442601518987344,0.030975533249686323,48.68696125,12.34375,120210805518960764,64.0,42.0,2.0,1.0,,,,,,,,
114,66d7e314b3fdb1cfea44642c,Secure Your Dream Plot Today!,2641.077483,16838.0,908.0,194.0,210.0,70.0,210.0,11.0,,156.852208278893,2.9086756420704845,0.05392564437581661,37.72967832857143,12.971428571428572,120210805518960764,70.0,39.0,4.0,4.0,,,1.0,,,,,
115,66d7e314b3fdb1cfea44642d,Sohna Plots Selling Fast!,849.823315,6070.0,235.0,38.0,45.0,16.0,47.0,6.0,,140.0038410214168,3.616269425531915,0.03871499176276771,53.1139571875,14.6875,120210805518960764,16.0,11.0,1.0,1.0,2.0,,,,,,,
116,66d7e314b3fdb1cfea44642e,"Live Green, Live Luxuriously!",462.206759,4208.0,49.0,19.0,20.0,1.0,20.0,1.0,,109.84000926806083,9.432791,0.01164448669201521,462.206759,49.0,120210804121610764,1.0,,,,,,,,,,,
117,66d7e314b3fdb1cfea44642f,Secure Your Dream Plot Now,863.808193,11356.0,141.0,61.0,66.0,3.0,66.0,3.0,,76.06623749559704,6.126299241134752,0.01241634378302219,287.9360643333333,47.0,120210804121610764,3.0,2.0,,2.0,,,,,,,,
118,66d7e314b3fdb1cfea446430,Nature-Inspired Plots from 42.5L,5673.985047,131696.0,706.0,515.0,615.0,14.0,615.0,93.0,3.0,43.08395886739157,8.036806015580737,0.005360831004738185,405.2846462142857,50.42857142857143,120210804121610764,14.0,10.0,1.0,,,4.0,,,,,,
119,66d7e314b3fdb1cfea446431,"High ROI, Prime Location!",18.683404,54.0,3.0,1.0,1.0,1.0,1.0,0.0,,345.98896296296294,6.227801333333333,0.05555555555555555,18.683404,3.0,120210791642450764,1.0,,,,,,,,,,,
120,66d7e314b3fdb1cfea446432,Claim Your Space Now!,52.341522,96.0,1.0,0.0,2.0,0.0,2.0,1.0,,545.2241875,52.341522,0.010416666666666666,,,120210791642450764,,,,1.0,,,,,,,,
121,66d7e314b3fdb1cfea446433,"Invest Smart, Act Fast!",108.671635,181.0,3.0,1.0,2.0,0.0,2.0,1.0,,600.3957734806629,36.22387833333333,0.016574585635359115,,,120210791642450764,,,,,,,,,,,,
122,66d7e314b3fdb1cfea446434,Unlock Gurugram's Best Deals,34.101776,83.0,1.0,0.0,1.0,0.0,1.0,1.0,,410.86477108433735,34.101776,0.012048192771084338,,,120210789735970764,,,,,,,,,,,,
123,66d7e314b3fdb1cfea446435,Guaranteed Rental Income Awaiting!,306.416255,683.0,13.0,4.0,6.0,0.0,6.0,2.0,,448.63287701317716,23.570481153846153,0.01903367496339678,,,120210789735970764,,,,,,,,,,,,
124,66d7e314b3fdb1cfea446436,Invest in Prime Retail Spaces,16.271305,44.0,4.0,2.0,2.0,1.0,2.0,0.0,,369.8023863636364,4.06782625,0.09090909090909091,16.271305,4.0,120210789735970764,1.0,,,,,,,,,,,
125,66d7e314b3fdb1cfea446437,Exclusive Showrooms Today!,116.629673,463.0,6.0,2.0,3.0,0.0,3.0,1.0,,251.8999416846652,19.43827883333333,0.012958963282937365,,,120210785543770764,,,,,,,,,,,,
126,66d7e314b3fdb1cfea446438,Luxury Retail Spaces Available!,109.690882,990.0,16.0,5.0,8.0,0.0,8.0,3.0,,110.7988707070707,6.855680125,0.01616161616161616,,,120210785543770764,,,,,,,,,,,,
127,66d7e314b3fdb1cfea446439,Prime Shops in Gurgaon!,6773.679444,93834.0,542.0,360.0,592.0,7.0,592.0,224.0,1.0,72.18790037726197,12.4975635498155,0.005776157895858644,967.668492,77.42857142857143,120210785543770764,7.0,2.0,,3.0,,2.0,2.0,1.0,1.0,,,
128,66d7e314b3fdb1cfea44643a,Luxury Living Awaits You!,1448.080396,4774.0,36.0,15.0,17.0,0.0,17.0,2.0,,303.3264340175953,40.224455444444445,0.00754084625052367,,,120210719949520764,,,,,,,,,,,,
129,66d7e314b3fdb1cfea44643b,Experience Altitude Luxury!,589.624358,2380.0,19.0,11.0,11.0,0.0,11.0,0.0,,247.7413268907563,31.032860947368423,0.007983193277310924,,,120210719949520764,,,,,,,,,,,,
130,66d7e314b3fdb1cfea44643c,Claim Your Dream Home!,3048.035247,20474.0,165.0,133.0,143.0,0.0,143.0,10.0,,148.87346131679203,18.47294089090909,0.008059001660642766,,,120210719949520764,,,,,,,,,,,,
131,66d7e314b3fdb1cfea44643d,Secure Nagpur Plots today,28.025743,115.0,0.0,0.0,0.0,0.0,0.0,0.0,,243.70211304347825,,0.0,,,120210620528000764,,,,,,,,,,,,
132,66d7e314b3fdb1cfea44643e,Build Your dream Home in Nagpur,141.978434,458.0,10.0,4.0,5.0,0.0,5.0,1.0,,309.99658078602613,14.1978434,0.021834061135371178,,,120210620528000764,,,,,,,,,,,,
133,66d7e314b3fdb1cfea44643f,Build Your dream Home in Nagpur,974.711946,3943.0,15.0,8.0,10.0,0.0,10.0,2.0,,247.2005949784428,64.9807964,0.00380420999239158,,,120210620528000764,,,,,,,,,,,,
134,66d7e314b3fdb1cfea446440,Secure Your Showroom Now!,1386.591235,6729.0,55.0,12.0,13.0,5.0,13.0,1.0,,206.0620054985882,25.21074972727273,0.008173577054540051,277.31824700000004,11.0,120210620064480764,5.0,4.0,,,,,,,,,,
135,66d7e314b3fdb1cfea446441,Unlock Gurugram's Best Shops!,481.12183,2173.0,9.0,0.0,1.0,0.0,1.0,1.0,,221.40903359410953,53.45798111111111,0.0041417395306028535,,,120210620064480764,,,,,,,,,,,,
136,66d7e314b3fdb1cfea446442,Hurry! Limited Inventory,40824.287769,125099.0,616.0,413.0,488.0,61.0,488.0,63.0,,326.33584416342256,66.2731944301948,0.004924100112710733,669.2506191639345,10.098360655737705,120210620064480764,61.0,56.0,5.0,,,11.0,1.0,1.0,,,,
137,66d7e314b3fdb1cfea446443,Hurry! Limited Inventory,16626.010749,74280.0,829.0,253.0,289.0,15.0,289.0,30.0,,223.82890076736675,20.0555015066345,0.011160473882606355,1108.4007166000001,55.266666666666666,120210620064480764,15.0,15.0,1.0,4.0,,1.0,1.0,,,,,
138,66d7e314b3fdb1cfea446444,High Returns at Avenue 62,78.755684,170.0,1.0,0.0,0.0,0.0,0.0,0.0,,463.26872941176475,78.755684,0.0058823529411764705,,,120210575121320764,,,,,,,,,,,,
139,66d7e314b3fdb1cfea446445,Unlock Profits at Avenue 62!,472.464136,938.0,24.0,7.0,7.0,1.0,7.0,0.0,,503.69310874200426,19.686005666666667,0.0255863539445629,472.464136,24.0,120210575121320764,1.0,2.0,,,,,,,,,,
140,66d7e314b3fdb1cfea446446,Invest in Avenue 62 Today!,785.1279,1193.0,22.0,4.0,6.0,1.0,6.0,2.0,,658.1122380553227,35.68763181818181,0.018440905280804692,785.1279,22.0,120210575121320764,1.0,2.0,,,,,,,,,,
141,66d7e314b3fdb1cfea446447,Unlock Profits at Avenue 62!,95.108559,287.0,1.0,0.0,0.0,0.0,0.0,0.0,,331.38870731707317,95.108559,0.003484320557491289,,,120210575121320764,,,,,,,,,,,,
142,66d7e314b3fdb1cfea446448,High Returns at Avenue 62,613.562656,1355.0,14.0,5.0,6.0,0.0,6.0,1.0,,452.81376826568265,43.825903999999994,0.010332103321033211,,,120210575121320764,,,,,,,,,,,,
143,66d7e314b3fdb1cfea446449,Invest in Avenue 62 Today!,1640.994978,7454.0,36.0,25.0,33.0,1.0,34.0,4.0,4.0,220.14958116447542,45.58319383333333,0.004829621679635095,1640.994978,36.0,120210575121320764,1.0,,,,1.0,,,,,,,
144,66d7e314b3fdb1cfea44644a,Investment Starting 29 Lakhs,20488.622603,70868.0,540.0,284.0,359.0,29.0,361.0,54.0,14.0,289.10964896709373,37.94189370925926,0.007619800191906079,706.5042276896552,18.620689655172413,120210575121320764,29.0,35.0,4.0,4.0,2.0,3.0,,,,,,
145,66d7e314b3fdb1cfea44644b,Premier Shops in Noida!,510.497564,694.0,8.0,4.0,4.0,1.0,4.0,0.0,,735.5872680115274,63.8121955,0.011527377521613832,510.497564,8.0,120210575121320764,1.0,1.0,,,,,,,,,,
146,66d7e314b3fdb1cfea44644c,Avenue 62: Business Redefined!,314.942772,365.0,4.0,0.0,0.0,0.0,0.0,0.0,,862.856909589041,78.735693,0.010958904109589041,,,120210575121320764,,,,,,,,,,,,
147,66d7e314b3fdb1cfea44644d,Unlock Avenue 62‚Äôs Luxury! ,970.737026,3635.0,19.0,8.0,16.0,2.0,16.0,7.0,1.0,267.05282696011005,51.091422421052634,0.005226960110041265,485.368513,9.5,120210575121320764,2.0,4.0,,,,,,,,,,
148,66d7e314b3fdb1cfea44644e,Unlock Avenue 62‚Äôs Luxury!,4122.203854,7100.0,64.0,31.0,46.0,12.0,46.0,12.0,1.0,580.5920921126761,64.40943521875,0.009014084507042254,343.51698783333336,5.333333333333333,120210575121320764,12.0,14.0,,,,1.0,1.0,,,,,
149,66d7e314b3fdb1cfea44644f,Unlock Avenue 62‚Äôs Luxury!,14.163828,2.0,0.0,0.0,0.0,0.0,0.0,0.0,,7081.914000000001,,0.0,,,120210575121320764,,,,,,,,,,,,
150,66d7e314b3fdb1cfea446450,Secure Your Space Now!,33.03,109.0,0.0,0.0,0.0,0.0,0.0,0.0,,303.0275229357798,,0.0,,,120210550557890764,,,,,,,,,,,,
151,66d7e314b3fdb1cfea446451,Exclusive Shops at Noida 62!,44.87,113.0,0.0,0.0,0.0,0.0,0.0,0.0,,397.07964601769913,,0.0,,,120210550557890764,,,,,,,,,,,,
152,66d7e314b3fdb1cfea446452,Prime Retail Spots Open!,369.58,577.0,11.0,3.0,3.0,1.0,3.0,0.0,,640.5199306759099,33.598181818181814,0.019064124783362217,369.58,11.0,120210550557890764,1.0,2.0,,,,,,,,,,
153,66d7e314b3fdb1cfea446453,Luxury Flats in Gurgaon! üè°,0.0,1.0,0.0,0.0,0.0,0.0,0.0,0.0,,0.0,,0.0,,,120210347709620764,,,,,,,,,,,,
154,66d7e314b3fdb1cfea446454,Exclusive 3BHK Starting @ 4.69 Cr.,0.19,1.0,0.0,0.0,0.0,0.0,0.0,0.0,,190.0,,0.0,,,120210347709620764,,,,,,,,,,,,
155,66d7e314b3fdb1cfea446455,Secure Your Dream Home Today!,2.57,7.0,0.0,0.0,0.0,0.0,0.0,0.0,,367.14285714285717,,0.0,,,120210347709620764,,,,,,,,,,,,
156,66d7e314b3fdb1cfea446456,Secure Your Dream Home Today!,5.44,7.0,0.0,0.0,0.0,0.0,0.0,0.0,,777.1428571428571,,0.0,,,120210347709620764,,,,,,,,,,,,
157,66d7e314b3fdb1cfea446457,Live in Ultimate Comfort,4163.516015,12487.0,80.0,22.0,30.0,7.0,30.0,8.0,,333.42804636822297,52.0439501875,0.006406662929446624,594.7880021428572,11.428571428571429,120210240647220764,7.0,6.0,,,,,,,,,,
158,66d7e314b3fdb1cfea446458,Live in Ultimate Comfort,47238.155641,149240.0,696.0,501.0,563.0,60.0,563.0,56.0,,316.52476307290266,67.87091327729885,0.004663629053872956,787.3025940166666,11.6,120210240647220764,60.0,33.0,1.0,2.0,,4.0,,,,,,
159,66d7e314b3fdb1cfea446459,3BHK Starting 2.5 Cr,6124.619934,6100.0,31.0,23.0,41.0,6.0,41.0,15.0,,1004.0360547540985,197.56838496774193,0.005081967213114754,1020.769989,5.166666666666667,120210240647220764,6.0,3.0,,1.0,,1.0,1.0,,,,,
160,66d7e314b3fdb1cfea44645a,Hurry! Inventory Filling Fast,16631.125184,65966.0,259.0,152.0,193.0,17.0,193.0,34.0,,252.11662347269805,64.21283854826255,0.003926265045629567,978.3014814117647,15.235294117647058,120210240647220764,17.0,11.0,,,,5.0,2.0,,,,,
161,66d7e314b3fdb1cfea44645b,Hurry! Inventory Filling Fast,2208.631792,7067.0,67.0,17.0,23.0,2.0,23.0,4.0,,312.52749285411073,32.9646536119403,0.00948068487335503,1104.315896,33.5,120210240647220764,2.0,2.0,,2.0,,,,,,,,
162,66d7e314b3fdb1cfea44645c,Limited Units. Hurry,4960.016992,9163.0,124.0,30.0,40.0,2.0,40.0,9.0,,541.3092864782276,40.00013703225806,0.013532685801593364,2480.008496,62.0,120210240647220764,2.0,2.0,,1.0,,,,,,,,
163,66d7e314b3fdb1cfea44645d,3BHK Starting 2.5 Cr,8481.894443,5677.0,128.0,32.0,45.0,10.0,45.0,12.0,,1494.0804021490223,66.2648003359375,0.02254711995772415,848.1894442999999,12.8,120210240647220764,10.0,10.0,,1.0,,,,,,,,
164,66d7e314b3fdb1cfea44645e,Luxury Plots at ‚Çπ9500/sqydüèûÔ∏è,444.276977,5890.0,179.0,46.0,55.0,10.0,55.0,8.0,,75.42902835314092,2.481994284916201,0.03039049235993209,44.427697699999996,17.9,120210058205520764,10.0,11.0,,1.0,,,,,,,,
165,66d7e314b3fdb1cfea44645f,Discover Dehradun's Prime Plots!,2752.383195,37429.0,1444.0,382.0,440.0,62.0,442.0,42.0,,73.5361135750354,1.9060825450138503,0.03857971091934062,44.39327733870967,23.29032258064516,120210058205520764,62.0,74.0,4.0,11.0,2.0,,5.0,,,,,
166,66d7e314b3fdb1cfea446460,Own Your Plot Today!üå≥,1491.117344,18015.0,524.0,139.0,164.0,32.0,164.0,22.0,,82.77087671384957,2.845643786259542,0.029086872051068555,46.597417,16.375,120210058205520764,32.0,32.0,,3.0,,,,,,,,
167,66d7e314b3fdb1cfea446461,"Premium Retail, Superior Location",2199.820081,24690.0,114.0,58.0,97.0,6.0,97.0,37.0,,89.0976136492507,19.296667377192982,0.004617253948967193,366.6366801666666,19.0,120209994158980764,6.0,12.0,,1.0,,1.0,,,,,,
168,66d7e314b3fdb1cfea446462,"Premium Retail, Superior Location",1154.621587,557.0,17.0,7.0,8.0,5.0,8.0,0.0,,2072.9292405745064,67.91891688235295,0.03052064631956912,230.9243174,3.4,120209994158980764,5.0,6.0,,1.0,,,,,,,,
169,66d7e314b3fdb1cfea446463,Limited Slots Available. Hurry,618.594414,1119.0,13.0,4.0,4.0,1.0,4.0,0.0,,552.8100214477212,47.58418569230769,0.01161751563896336,618.594414,13.0,120209994158980764,1.0,2.0,,,,,,,,,,
170,66d7e314b3fdb1cfea446464,Price Revising Soon. Hurry!,3656.914929,9483.0,55.0,39.0,52.0,2.0,52.0,12.0,,385.62848560582097,66.48936234545455,0.005799852367394285,1828.4574645,27.5,120209994158980764,2.0,3.0,,,,1.0,,,,,,
171,66d7e314b3fdb1cfea446465,Hurry! Limited Slots available,2004.700232,1291.0,9.0,9.0,12.0,2.0,12.0,3.0,,1552.8274453911695,222.74447022222222,0.006971340046475601,1002.350116,4.5,120209994158980764,2.0,4.0,,,,,,,,,,
172,66d7e314b3fdb1cfea446466,Price Revising Soon. Hurry!,5176.38014,4683.0,57.0,23.0,26.0,10.0,26.0,3.0,,1105.3555712150333,90.81368666666667,0.012171684817424727,517.638014,5.7,120209994158980764,10.0,17.0,,,,,,,,,,
173,66d7e314b3fdb1cfea446467,Hurry! Limited Slots available,1691.568617,641.0,16.0,8.0,8.0,3.0,8.0,0.0,,2638.952600624025,105.7230385625,0.0249609984399376,563.8562056666666,5.333333333333333,120209994158980764,3.0,6.0,,,,,,,,,,
174,66d7e314b3fdb1cfea446468,Premium Showrooms in Dwarka,4437.093568,10489.0,114.0,28.0,41.0,6.0,41.0,9.0,,423.02350729335495,38.921873403508776,0.010868528935074841,739.5155946666667,19.0,120209848778670764,6.0,6.0,,4.0,,,,,,,,
175,66d7e314b3fdb1cfea446469,OMAXE BOULEVARD: Next-Level Business,955.779841,3221.0,42.0,10.0,14.0,1.0,14.0,3.0,,296.7338841974542,22.756662880952383,0.013039428748835765,955.779841,42.0,120209848778670764,1.0,1.0,,1.0,,,,,,,,
176,66d7e314b3fdb1cfea44646a,Your Business Hub Awaits,888.492668,2519.0,42.0,8.0,16.0,2.0,16.0,4.0,,352.7164223898372,21.154587333333332,0.0166732830488289,444.246334,21.0,120209848778670764,2.0,2.0,,2.0,,1.0,1.0,,,,,
177,66d7e314b3fdb1cfea44646b,Gated Society Freehold Plots Available,1213.655792,14982.0,726.0,134.0,149.0,51.0,149.0,9.0,,81.0075952476305,1.6717021928374656,0.048458149779735685,23.797172392156863,14.235294117647058,120209839778400764,51.0,42.0,1.0,6.0,,,,,,,,
178,66d7e314b3fdb1cfea44646c,Prime Sohna Sector 5 Plots,1006.76766,15262.0,461.0,101.0,117.0,50.0,117.0,11.0,,65.96564408334426,2.183877787418655,0.030205739745773817,20.1353532,9.22,120209839778400764,50.0,45.0,2.0,5.0,,,,1.0,1.0,,,
179,66d7e314b3fdb1cfea44646d,Luxury Plots on Delhi-Mumbai Expressway,531.431463,7079.0,307.0,58.0,64.0,23.0,64.0,1.0,,75.07154442717898,1.7310471107491856,0.043367707303291425,23.105715782608694,13.347826086956522,120209839778400764,23.0,19.0,,5.0,,,,,,,,
180,66d7e314b3fdb1cfea44646e,Sohna Plots on Delhi-Mumbai Expressway,454.116902,3377.0,100.0,29.0,32.0,7.0,32.0,2.0,,134.47346816701213,4.54116902,0.029612081729345572,64.87384314285714,14.285714285714286,120209839778400764,7.0,7.0,,1.0,,,,,,,,
181,66d7e314b3fdb1cfea44646f,Sohna Plots starting Rs 25 Lakhs,541.801345,3694.0,111.0,22.0,23.0,4.0,23.0,1.0,,146.67064022739578,4.881093198198198,0.030048727666486193,135.45033625,27.75,120209839778400764,4.0,2.0,,,,,,,,,,
182,66d7e314b3fdb1cfea446470,Gated Society Freehold Plots Available,567.576195,3205.0,38.0,25.0,31.0,9.0,31.0,3.0,,177.09085647425894,14.936215657894737,0.01185647425897036,63.06402166666666,4.222222222222222,120209839778400764,9.0,,,,,3.0,,,,,,
183,66d7e314b3fdb1cfea446471,Prime Gurgaon Flats from 4.25 Cr,555.045188,298.0,2.0,1.0,1.0,0.0,1.0,0.0,,1862.5677449664431,277.522594,0.006711409395973154,,,120209781458690764,,,,,,,,,,,,
184,66d7e314b3fdb1cfea446472,Spacious 3BHK & 4BHK Homes,944.537271,3263.0,46.0,11.0,13.0,0.0,13.0,2.0,,289.46897670855043,20.53341893478261,0.014097456328532026,,,120209781458690764,,,,,,,,,,,,
185,66d7e314b3fdb1cfea446473,Luxury Living at Conscient 80,34.743988,55.0,1.0,0.0,1.0,0.0,1.0,1.0,,631.7088727272728,34.743988,0.01818181818181818,,,120209781458690764,,,,,,,,,,,,
186,66d7e314b3fdb1cfea446474,Luxury Living at Max Estates,888.058323,1910.0,18.0,4.0,6.0,1.0,6.0,1.0,,464.95200157068064,49.3365735,0.009424083769633508,888.058323,18.0,120209781458690764,1.0,1.0,,1.0,,,,,,,,
187,66d7e314b3fdb1cfea446475,Prime Gurgaon Flats from 5 Cr,11.082134,33.0,1.0,0.0,0.0,0.0,0.0,0.0,,335.8222424242424,11.082134,0.030303030303030304,,,120209781458690764,,,,,,,,,,,,
188,66d7e314b3fdb1cfea446476,Prime Gurgaon Flats from 5.5 Cr,2488.947461,7305.0,25.0,15.0,26.0,4.0,26.0,8.0,,340.7183382614648,99.55789844,0.0034223134839151265,622.23686525,6.25,120209781458690764,4.0,1.0,,,,2.0,1.0,,,,,
189,66d7e314b3fdb1cfea446477,Prime Gurgaon Flats from 5.5 Cr,1789.085738,1038.0,19.0,8.0,9.0,5.0,9.0,1.0,,1723.5893429672446,94.16240726315789,0.018304431599229287,357.8171476,3.8,120209781458690764,5.0,1.0,,,,,,,,,,
190,66d7e314b3fdb1cfea446478,Luxury Living at Silverglades,304.449184,1247.0,6.0,2.0,3.0,0.0,3.0,1.0,,244.14529591018444,50.74153066666667,0.0048115477145148355,,,120209781458690764,,,,,,,,,,,,
191,66d7e314b3fdb1cfea446479,Prime Gurgaon Flats from 5 Cr*,2051.582556,5907.0,19.0,7.0,19.0,2.0,19.0,11.0,,347.31378974098527,107.9780292631579,0.003216522769595395,1025.791278,9.5,120209781458690764,2.0,1.0,,,,1.0,,,,,,
192,66d7e314b3fdb1cfea44647a,Prime Gurgaon Flats from 5 Cr*,602.209153,1685.0,26.0,5.0,6.0,1.0,6.0,1.0,,357.3941560830861,23.161890500000002,0.01543026706231454,602.209153,26.0,120209781458690764,1.0,1.0,,,,,,,,,,
193,66d7e314b3fdb1cfea44647b,Invest in Prime Gurugram Property!,1500.600817,2127.0,29.0,11.0,12.0,1.0,12.0,1.0,,705.5010893276916,51.74485575862069,0.013634226610249177,1500.600817,29.0,120209781458690764,1.0,1.0,,,,,,,,,,
194,66d7e314b3fdb1cfea44647c,"Luxury Apartments in Sector 93, Gurugram",739.268194,3817.0,26.0,10.0,12.0,2.0,12.0,2.0,,193.67780822635578,28.433392076923077,0.006811632171862719,369.634097,13.0,120209781458690764,2.0,2.0,,,,,,,,,,
195,66d7e314b3fdb1cfea44647d,Hurry! Prices revising soon,1289.942167,7116.0,118.0,20.0,26.0,0.0,26.0,5.0,,181.27349170882516,10.931713279661016,0.016582349634626195,,,120209653748000764,,,,1.0,,,,,,,,
196,66d7e314b3fdb1cfea44647e,Limited Inventory. Act Fast!,949.547833,3997.0,54.0,18.0,22.0,0.0,22.0,4.0,,237.5651320990743,17.58421912962963,0.013510132599449587,,,120209653748000764,,,,,,,,,,,,
197,66d7e314b3fdb1cfea44647f,Courtyard 62: Business Luxury Redefined,108.949896,165.0,2.0,1.0,1.0,0.0,1.0,0.0,,660.3023999999999,54.474948,0.012121212121212121,,,120209637317410764,,,,,,,,,,,,
198,66d7e314b3fdb1cfea446480,Elevate Your Business Space,386.250561,638.0,14.0,0.0,2.0,0.0,2.0,2.0,,605.4084028213166,27.589325785714287,0.0219435736677116,,,120209637317410764,,,,,,,,,,,,
199,66d7e314b3fdb1cfea446481,"Premium Retail, Superior Location",107.151383,186.0,4.0,1.0,1.0,0.0,1.0,0.0,,576.0827043010753,26.78784575,0.021505376344086023,,,120209637317410764,,,,,,,,,,,,
200,66d7e314b3fdb1cfea446482,"Premium Retail, Superior Location",2480.938202,2169.0,8.0,6.0,10.0,1.0,10.0,4.0,,1143.8165984324573,310.11727525,0.0036883356385431073,2480.938202,8.0,120209637317410764,1.0,2.0,,,,,,,,,,
201,66d7e314b3fdb1cfea446483,"Premium Retail, Superior Location",709.163504,265.0,0.0,1.0,1.0,0.0,1.0,0.0,,2676.0886943396226,,0.0,,,120209637317410764,,,,,,,,,,,,
202,66d7e314b3fdb1cfea446484,Limited Slots Available. Hurry,503.593516,695.0,12.0,1.0,3.0,0.0,3.0,1.0,,724.5949870503597,41.966126333333335,0.017266187050359712,,,120209637317410764,,,,1.0,,,,,,,,
203,66d7e314b3fdb1cfea446485,Price Revising Soon. Hurry!,170.638877,286.0,1.0,1.0,1.0,0.0,1.0,0.0,,596.6394300699301,170.638877,0.0034965034965034965,,,120209637317410764,,,,,,,,,,,,
204,66d7e314b3fdb1cfea446486,Hurry! Limited Slots available,135.637824,243.0,3.0,1.0,2.0,0.0,2.0,1.0,,558.1803456790124,45.212607999999996,0.012345679012345678,,,120209637317410764,,,,,,,,,,,,
205,66d7e314b3fdb1cfea446487,Price Revising Soon. Hurry!,223.495164,494.0,1.0,0.0,1.0,0.0,1.0,1.0,,452.4193603238866,223.495164,0.0020242914979757085,,,120209637317410764,,,,,,,,,,,,
206,66d7e314b3fdb1cfea446488,Hurry! Limited Slots available,179.671407,381.0,4.0,2.0,2.0,0.0,2.0,0.0,,471.5784960629921,44.91785175,0.010498687664041995,,,120209637317410764,,,,,,,,,,,,
207,66d7e314b3fdb1cfea446489,Your Dream Paradise Awaits,192.921794,271.0,7.0,1.0,4.0,0.0,4.0,3.0,,711.8885387453875,27.560256285714285,0.025830258302583026,,,120209585645540764,,,,,,,,,,,,
208,66d7e314b3fdb1cfea44648a,Limited Plots Available,186.45341,262.0,4.0,0.0,3.0,0.0,3.0,3.0,,711.6542366412214,46.6133525,0.015267175572519083,,,120209585645540764,,,,,,,,,,,,
209,66d7e314b3fdb1cfea44648b,Limited Plots starting Rs 59.99 Lakhs,12961.351292,40978.0,210.0,111.0,145.0,25.0,145.0,24.0,,316.3002413978232,61.720720438095235,0.005124701059104886,518.45405168,8.4,120209585645540764,25.0,15.0,,,,10.0,,,,,,
210,66d7e314b3fdb1cfea44648c,Indulge in Deluxe Residences,9.779135,34.0,0.0,0.0,0.0,0.0,0.0,0.0,,287.6216176470588,,0.0,,,120209575919550764,,,,,,,,,,,,
211,66d7e314b3fdb1cfea44648d,Hurry! Prices revising soon,355.208591,434.0,2.0,1.0,1.0,0.0,1.0,0.0,,818.452974654378,177.6042955,0.004608294930875576,,,120209575919550764,,,,,,,,,,,,
212,66d7e314b3fdb1cfea44648e,Limited Inventory. Act Fast!,286.394676,746.0,2.0,3.0,3.0,0.0,3.0,0.0,,383.9070723860589,143.197338,0.002680965147453083,,,120209575919550764,,,,,,,,,,,,
213,66d7e314b3fdb1cfea44648f,Hurry! Prices revising soon,2876.045689,1904.0,19.0,4.0,6.0,1.0,6.0,2.0,,1510.5281980042018,151.3708257368421,0.009978991596638655,2876.045689,19.0,120209575919550764,1.0,,,,,,,,,,,
214,66d7e314b3fdb1cfea446490,Limited Inventory. Act Fast!,5081.990631,3664.0,48.0,15.0,20.0,2.0,20.0,4.0,,1387.0061765829694,105.87480481249999,0.013100436681222707,2540.9953155,24.0,120209575919550764,2.0,,,1.0,,,,,,,,
215,66d7e314b3fdb1cfea446491,Limited Inventory. Act Fast!,6970.653628,5392.0,43.0,17.0,20.0,1.0,20.0,1.0,,1292.7770081602375,162.10822390697675,0.007974777448071216,6970.653628,43.0,120209575919550764,1.0,1.0,,2.0,,,,,,,,
216,66d7e314b3fdb1cfea446492,Hurry! Prices revising soon,428.232134,533.0,3.0,0.0,1.0,0.0,1.0,1.0,,803.4373996247654,142.74404466666667,0.005628517823639775,,,120209575919550764,,,,,,,,,,,,
217,66d7e314b3fdb1cfea446493,Verified and Selective Luxury Properties in Delhi1 ,1860.564096,3812.0,85.0,26.0,189.0,2.0,189.0,3.0,160.0,488.0808226652676,21.888989364705882,0.02229800629590766,930.282048,42.5,120209232857950764,2.0,1.0,,,,,,,,,,
218,66d7e314b3fdb1cfea446494,Best Luxury Deals in Delhi!,7055.445281,17843.0,455.0,129.0,268.0,15.0,270.0,11.0,128.0,395.41810687664633,15.506473145054946,0.02550019615535504,470.3630187333334,30.333333333333332,120209232857950764,15.0,9.0,,,2.0,,,,,,,
219,66d7e314b3fdb1cfea446495,Luxury Homes and Penthouses in Delhi Heartland!,22.949214,25.0,0.0,0.0,6.0,0.0,6.0,0.0,6.0,917.96856,,0.0,,,120209232857950764,,,,,,,,,,,,
220,66d7e314b3fdb1cfea446496,Luxury Homes in Delhi Heartland!,674.205569,1696.0,35.0,9.0,30.0,0.0,30.0,4.0,17.0,397.526868514151,19.263016257142855,0.020636792452830188,,,120209232857950764,,,,,,,,,,,,
221,66d7e314b3fdb1cfea446497,Luxury Homes in Delhi Heartland!,8508.196448,21016.0,130.0,66.0,98.0,10.0,98.0,26.0,,404.84375942139326,65.44766498461539,0.006185763228016749,850.8196448000001,13.0,120209232857950764,10.0,8.0,,1.0,,4.0,1.0,,,,,
222,66d7e314b3fdb1cfea446498,Best Luxury Deals in Delhi!,4181.490625,10605.0,288.0,80.0,92.0,8.0,92.0,10.0,,394.2942597831212,14.51906467013889,0.027157001414427156,522.686328125,36.0,120209232857950764,8.0,8.0,,2.0,,,,,,,,
223,66d7e314b3fdb1cfea446499,Luxury Homes in Delhi Heartland!,2767.497465,5501.0,142.0,35.0,44.0,4.0,44.0,5.0,,503.0898863842937,19.489418767605635,0.025813488456644246,691.87436625,35.5,120209232857950764,4.0,4.0,,2.0,,1.0,1.0,,,,,
224,66d7e314b3fdb1cfea44649a,Verified and Selective Luxury Properties in Delhi1 ,1.08854,4.0,1.0,1.0,1.0,0.0,1.0,0.0,,272.135,1.08854,0.25,,,120209232857950764,,,,,,,,,,,,
225,66d7e314b3fdb1cfea44649b,Verified and Selective Luxury Properties in Delhi1,2076.754082,4520.0,132.0,34.0,42.0,5.0,42.0,7.0,,459.45886769911505,15.732985469696969,0.02920353982300885,415.3508164,26.4,120209232857950764,5.0,5.0,,1.0,,,,,,,,
226,66d7e314b3fdb1cfea44649c,2BHK Flats Starting 29.7 Lakhs only,13537.196815,146271.0,6173.0,983.0,1087.0,194.0,1088.0,74.0,,92.5487404543621,2.192968866839462,0.042202487164236246,69.77936502577319,31.81958762886598,120208850114080764,194.0,52.0,,30.0,1.0,,,1.0,1.0,,,
227,66d7e314b3fdb1cfea44649d,Last Chance! ‚Çπ29.7L Homes!,5513.971724,56143.0,2651.0,398.0,444.0,56.0,447.0,29.0,,98.21298690843027,2.0799591565447,0.04721870936715174,98.46378078571429,47.339285714285715,120208850114080764,56.0,17.0,,16.0,3.0,,1.0,,,,,
228,66d7e314b3fdb1cfea44649e,Limited Flats. Hurry,2357.426025,22872.0,989.0,134.0,147.0,23.0,147.0,7.0,,103.07039283840506,2.3836461324570277,0.043240643581671914,102.49678369565218,43.0,120208850114080764,23.0,4.0,,5.0,,,1.0,,,,,
229,66d7e314b3fdb1cfea44649f,,2507.999099,3801.0,24.0,7.0,10.0,0.0,10.0,3.0,,659.8261244409366,104.49996245833334,0.006314127861089187,,,120208764186460764,,,,,,,,,,,,
230,66d7e314b3fdb1cfea4464a0,üö® Act Fast! Only Few Units Remaining,46.391475,125.0,0.0,0.0,0.0,0.0,0.0,0.0,,371.1318,,0.0,,,120208764186460764,,,,,,,,,,,,
231,66d7e314b3fdb1cfea4464a1,üö® Act Fast! Only Few Units Remaining,15365.786192,14785.0,230.0,75.0,559.0,10.0,560.0,12.0,471.0,1039.2821232330064,66.80776605217392,0.015556307067974298,1536.5786192,23.0,120208764186460764,10.0,6.0,,1.0,1.0,,,,,,,
232,66d7e314b3fdb1cfea4464a2,Omaxe: Heart of Chandni Chowk,6727.662456,13875.0,211.0,58.0,65.0,2.0,65.0,7.0,,484.8765734054054,31.88465618957346,0.015207207207207207,3363.831228,105.5,120208758419140764,2.0,2.0,,,,,,,,,,
233,66d7e314b3fdb1cfea4464a3,Prime Investment: Omaxe Chandni,4999.69036,11232.0,142.0,33.0,45.0,2.0,45.0,9.0,,445.12912749287744,35.20908704225352,0.012642450142450143,2499.84518,71.0,120208758419140764,2.0,,,2.0,,1.0,,,,,,
234,66d7e314b3fdb1cfea4464a4,Capture High Footfall: Omaxe Chandni Chownk,12924.651555,38443.0,116.0,77.0,120.0,11.0,120.0,38.0,,336.20299027131074,111.41940995689656,0.0030174544130270793,1174.9683231818183,10.545454545454545,120208758419140764,11.0,4.0,,,,3.0,2.0,,,,,
235,66d7e314b3fdb1cfea4464a5,Capture High Footfall: Omaxe Chandni Chownk,7727.59054,11826.0,177.0,46.0,57.0,2.0,57.0,7.0,,653.4407694909521,43.658703615819206,0.014967021816336884,3863.79527,88.5,120208758419140764,2.0,1.0,,3.0,,1.0,,,,,,
236,66d7e314b3fdb1cfea4464a6,Prime Commercial Investment Near IGI Airport ,1639.585156,7119.0,77.0,22.0,24.0,4.0,24.0,2.0,,230.3111611181346,21.293313714285716,0.010816125860373648,409.896289,19.25,120208715543720764,4.0,1.0,,,,,,,,,,
237,66d7e314b3fdb1cfea4464a7,Own Commercial Space Next to a World-Class Sports Complex,14718.186468,52157.0,692.0,239.0,261.0,35.0,261.0,22.0,,282.19005057806237,21.269055589595375,0.013267634258105336,420.5196133714286,19.771428571428572,120208715543720764,35.0,19.0,,,,,,,,,,
238,66d7e314b3fdb1cfea4464a8,Invest in Delhi's Next Commercial Hotspot,2118.960853,11899.0,62.0,26.0,34.0,2.0,34.0,5.0,,178.0789018404908,34.1767879516129,0.005210521892596016,1059.4804265,31.0,120208715543720764,2.0,1.0,,,,3.0,,,,,,
239,66d7e314b3fdb1cfea4464a9,M3M Mansion: Indulgent Living,500.629996,291.0,9.0,2.0,6.0,0.0,6.0,4.0,,1720.3779931271476,55.62555511111111,0.030927835051546393,,,120208544107320764,,,,,,,,,,,,
240,66d7e314b3fdb1cfea4464aa,Luxury M3M Mansion Homes,1947.22649,846.0,16.0,5.0,7.0,2.0,7.0,2.0,,2301.686158392435,121.701655625,0.018912529550827423,973.613245,8.0,120208544107320764,2.0,,,,,,,,,,,
241,66d7e314b3fdb1cfea4464ab,Live Elite at M3M Mansion,1969.935603,2565.0,32.0,10.0,17.0,4.0,17.0,6.0,,768.0060830409357,61.56048759375,0.012475633528265107,492.48390075,8.0,120208544107320764,4.0,,,1.0,,,,,,,,
242,66d7e314b3fdb1cfea4464ac,Live Elite at M3M Mansion,901.088014,3858.0,13.0,6.0,34.0,0.0,34.0,26.0,,233.56350803525146,69.31446261538461,0.00336962156557802,,,120208544107320764,,,,,,,2.0,,,,,
243,66d7e314b3fdb1cfea4464ad,Inventory Filling Fast. Reserve your spot,23685.605008,15454.0,164.0,72.0,100.0,17.0,100.0,25.0,,1532.652064708166,144.4244207804878,0.0106121392519736,1393.2708828235293,9.647058823529411,120208544107320764,17.0,5.0,,2.0,,1.0,,,,,,
244,66d7e314b3fdb1cfea4464ae,Prices Changing Soon. Hurry!,5453.355635,3966.0,57.0,20.0,28.0,6.0,28.0,6.0,,1375.0266351487644,95.67290587719297,0.014372163388804841,908.8926058333333,9.5,120208544107320764,6.0,7.0,,1.0,,1.0,,,,,,
245,66d7e314b3fdb1cfea4464af,Indulgent Living Starting 4Cr.,3172.928883,1298.0,12.0,4.0,5.0,2.0,5.0,1.0,,2444.475256548536,264.41074025,0.009244992295839754,1586.4644415,6.0,120208544107320764,2.0,3.0,,,,,,,,,,
246,66d7e314b3fdb1cfea4464b0,Indulgent Living Starting 4Cr.,19762.225895,30103.0,136.0,91.0,124.0,18.0,124.0,28.0,,656.4869247251104,145.31048452205883,0.004517822143972361,1097.9014386111112,7.555555555555555,120208544107320764,18.0,8.0,,,,3.0,2.0,,,,,
247,66d7e314b3fdb1cfea4464b1,Experience True Luxury Living!,883.945918,1163.0,19.0,7.0,7.0,1.0,7.0,0.0,,760.05667927773,46.523469368421054,0.01633705932932072,883.945918,19.0,120208410349870764,1.0,,,,,,,,,,,
248,66d7e314b3fdb1cfea4464b2,Elevate Your Lifestyle Today!,503.827877,359.0,0.0,0.0,1.0,0.0,1.0,1.0,,1403.420270194986,,0.0,,,120208410349870764,,,,,,,,,,,,
249,66d7e314b3fdb1cfea4464b3,Limited Inventory,2357.045805,1864.0,43.0,11.0,17.0,3.0,17.0,6.0,,1264.5095520386267,54.81501872093024,0.023068669527896997,785.6819350000001,14.333333333333334,120208410349870764,3.0,,,,,,,,,,,
250,66d7e314b3fdb1cfea4464b4,Seize Pre-Launch Gains ,607.650954,871.0,8.0,3.0,6.0,1.0,6.0,3.0,,697.6474787600458,75.95636925,0.009184845005740528,607.650954,8.0,120208410349870764,1.0,,,,,,,,,,,
251,66d7e314b3fdb1cfea4464b5,Act Fast. Slots filling Fast,773.183972,801.0,13.0,5.0,6.0,2.0,6.0,1.0,,965.2733732833958,59.47569015384616,0.016229712858926344,386.591986,6.5,120208410349870764,2.0,,,,,,,,,,,
252,66d7e314b3fdb1cfea4464b6,Act Fast. Limited Slots,94.84454,42.0,0.0,0.0,0.0,0.0,0.0,0.0,,2258.2033333333334,,0.0,,,120208410349870764,,,,,,,,,,,,
253,66d7e314b3fdb1cfea4464b7,Experience Luxury Living,1043.871169,679.0,20.0,6.0,7.0,1.0,7.0,1.0,,1537.3654918998527,52.19355845,0.029455081001472753,1043.871169,20.0,120208264075890764,1.0,,,,,,,,,,,
254,66d7e314b3fdb1cfea4464b8,Dream Flats Awaiting you,283.61413,266.0,0.0,0.0,0.0,0.0,0.0,0.0,,1066.2185338345864,,0.0,,,120208264075890764,,,,,,,,,,,,
255,66d7e314b3fdb1cfea4464b9,Lavish Lifestyle Awaits,1233.93043,383.0,4.0,0.0,2.0,0.0,2.0,0.0,,3221.75046997389,308.4826075,0.010443864229765013,,,120208264075890764,,,,1.0,,1.0,,,,,,
256,66d7e314b3fdb1cfea4464ba,Own a View of Mussoorie! üèîÔ∏è,464.387809,1328.0,42.0,11.0,11.0,2.0,11.0,0.0,,349.6896152108434,11.056852595238094,0.03162650602409638,232.1939045,21.0,120206984952970764,2.0,,,,,,,,,,,
257,66d7e314b3fdb1cfea4464bb,Limited time offer!,557.929217,1532.0,106.0,17.0,17.0,5.0,17.0,0.0,,364.18356201044384,5.2634831792452825,0.06919060052219321,111.5858434,21.2,120206984702960764,5.0,,,,,,,,,,,
258,66d7e314b3fdb1cfea4464bc,Invest in R3 Land!,67.834646,227.0,9.0,2.0,2.0,2.0,2.0,0.0,,298.83103964757714,7.537182888888889,0.039647577092511016,33.917323,4.5,120206984702960764,2.0,,,,,,,,,,,
259,66d7e314b3fdb1cfea4464bd,Limited time offer!,956.761609,4777.0,339.0,67.0,82.0,16.0,82.0,9.0,,200.2850343311702,2.8223056312684367,0.07096504082059871,59.7976005625,21.1875,120206529536260764,16.0,3.0,,5.0,,,1.0,,,,,
260,66d7e314b3fdb1cfea4464be,Invest in R3 Land!,895.510736,4788.0,287.0,58.0,67.0,17.0,67.0,5.0,,187.03231746031744,3.1202464668989545,0.059941520467836254,52.67710211764705,16.88235294117647,120206529536260764,17.0,,,3.0,,1.0,,,,,,
261,66d7e314b3fdb1cfea4464bf,Offer valid till March 17th!,12367.917639,20349.0,42.0,27.0,42.0,5.0,42.0,14.0,,607.7899473684209,294.4742295,0.0020639834881320948,2473.5835278,8.4,120206478267690764,5.0,,,,,1.0,,,,,,
262,66d7e314b3fdb1cfea4464c0,Offer valid till March 17th!,5969.128168,5365.0,77.0,27.0,31.0,4.0,31.0,3.0,,1112.6054367194781,77.52114503896104,0.014352283317800559,1492.282042,19.25,120206478267690764,4.0,,,1.0,,,,,,,,
263,66d7e314b3fdb1cfea4464c1,Valid until March 17th only!,1280.989096,1527.0,21.0,5.0,5.0,0.0,5.0,0.0,,838.8926627373935,60.99948076190476,0.0137524557956778,,,120206478267690764,,,,,,,,,,,,
264,66d7e314b3fdb1cfea4464c2,Exclusive offer until March 17th!,6478.277911,8058.0,80.0,26.0,29.0,3.0,29.0,3.0,,803.9560574584265,80.9784738875,0.009928021841648052,2159.425970333333,26.666666666666668,120206478267690764,3.0,,,,,,,,,,,
265,66d7e314b3fdb1cfea4464c3,Limited Time Offer,24135.554645,75112.0,1179.0,336.0,372.0,38.0,372.0,28.0,,321.32754613111086,20.471208350296862,0.015696559804025987,635.1461748684211,31.026315789473685,120206478267690764,38.0,2.0,,,,6.0,2.0,,,,,
266,66d7e314b3fdb1cfea4464c4,Inventory filling Fast!,44245.18068,164000.0,1729.0,470.0,530.0,52.0,530.0,49.0,,269.78768707317073,25.590040879120878,0.010542682926829269,850.8688592307692,33.25,120206478267690764,52.0,,,,,9.0,2.0,,,,,
267,66d7e314b3fdb1cfea4464c5,Own a View of Mussoorie! üèîÔ∏è,1933.992727,9117.0,405.0,104.0,123.0,18.0,123.0,12.0,,212.13038576286058,4.775290683950617,0.044422507403751234,107.4440403888889,22.5,120206413402790764,18.0,,,5.0,,2.0,,,,,,
268,66d7e314b3fdb1cfea4464c6,Book The Edition Now,12409.685124,1779.0,32.0,15.0,16.0,6.0,16.0,1.0,,6975.652121416526,387.802660125,0.017987633501967398,2068.280854,5.333333333333333,120206254731370764,6.0,,,,,,,,,,,
269,66d7e314b3fdb1cfea4464c7,Lock in Your Edition,1796.007225,1149.0,1.0,3.0,5.0,1.0,5.0,2.0,,1563.104634464752,1796.007225,0.0008703220191470844,1796.007225,1.0,120206254731370764,1.0,,,,,,,,,,,
270,66d7e314b3fdb1cfea4464c8,Reserve The Edition,2766.900839,1929.0,10.0,7.0,10.0,0.0,10.0,3.0,,1434.3705749092792,276.6900839,0.005184033177812338,,,120206254731370764,,,,,,,,,,,,
271,66d7e314b3fdb1cfea4464c9,Starting 5.5 Crores,17376.222443,18171.0,253.0,59.0,120.0,11.0,120.0,58.0,,956.261209784822,68.68072111857707,0.013923284354190744,1579.6565857272726,23.0,120206254731370764,11.0,,,,,3.0,,,,,,
272,66d7e314b3fdb1cfea4464ca,Hurry Now,24978.48111,8382.0,214.0,67.0,90.0,12.0,90.0,20.0,,2980.0144488188976,116.72187434579439,0.025530899546647577,2081.5400925,17.833333333333332,120206254267070764,12.0,,,2.0,,1.0,,,,,,
273,66d7e314b3fdb1cfea4464cb,Reserve your spot ,9633.616796,11459.0,80.0,36.0,81.0,1.0,81.0,42.0,,840.7030976525002,120.42020995,0.006981411990575094,9633.616796,80.0,120206254267070764,1.0,,,1.0,,2.0,,,,,,
274,66d7e314b3fdb1cfea4464cc,True Habitat Luxe Residency,1215.961315,1889.0,24.0,7.0,11.0,0.0,11.0,3.0,,643.7063605082054,50.66505479166667,0.01270513499205929,,,120206253896230764,,,,,,1.0,,,,,,
275,66d7e314b3fdb1cfea4464cd,Affordable plots near the rapidly developing - Dwarka  Expressway,185.611983,282.0,2.0,2.0,2.0,0.0,2.0,0.0,,658.1985212765958,92.8059915,0.0070921985815602835,,,120206253896230764,,,,,,,,,,,,
276,66d7e314b3fdb1cfea4464ce,Download Brochure,64.126483,74.0,1.0,0.0,0.0,0.0,0.0,0.0,,866.5740945945945,64.126483,0.013513513513513514,,,120206253896230764,,,,,,,,,,,,
277,66d7e314b3fdb1cfea4464cf,Get Floor Plan,8586.011871,17775.0,190.0,95.0,120.0,13.0,120.0,12.0,,483.0386425316456,45.1895361631579,0.010689170182841068,660.4624516153847,14.615384615384615,120206253896230764,13.0,,,1.0,,8.0,4.0,1.0,1.0,,,
278,66d7e314b3fdb1cfea4464d0,Get Quote,57552.083619,150474.0,957.0,580.0,777.0,75.0,777.0,129.0,,382.47194611029147,60.138018410658304,0.006359902707444475,767.36111492,12.76,120206253896230764,75.0,,,5.0,,51.0,12.0,,,,,
279,66d7e314b3fdb1cfea4464d1,Download Brochure,32108.819936,38535.0,1700.0,351.0,378.0,43.0,378.0,23.0,,833.2378340729207,18.88754113882353,0.04411573893862722,746.7167426976744,39.53488372093023,120206253896230764,43.0,,,2.0,,1.0,1.0,,,,,
280,66d7e314b3fdb1cfea4464d2,Get Floor Plan,19670.943298,37666.0,1482.0,288.0,318.0,36.0,318.0,23.0,,522.2466759942653,13.273241091767881,0.03934582912971911,546.415091611111,41.166666666666664,120206253896230764,36.0,,,3.0,,2.0,2.0,2.0,2.0,1.0,1.0,
281,66d7e314b3fdb1cfea4464d3,Get Quote,18340.991528,50950.0,883.0,173.0,204.0,28.0,204.0,21.0,,359.9802066339548,20.771224833522083,0.01733071638861629,655.0354117142857,31.535714285714285,120206253896230764,28.0,1.0,,4.0,,3.0,3.0,,,,,
282,66d7e314b3fdb1cfea4464d4,True Habitat Luxe Residency,649.988643,565.0,12.0,4.0,6.0,0.0,6.0,2.0,,1150.4223769911505,54.16572025,0.021238938053097345,,,120206184178900764,,,,,,,,,,,,
283,66d7e314b3fdb1cfea4464d5,Affordable plots near the rapidly developing - Dwarka  Expressway,111.850838,112.0,2.0,1.0,1.0,0.0,1.0,0.0,,998.6681964285714,55.925419,0.017857142857142856,,,120206184178900764,,,,,,,,,,,,
284,66d7e314b3fdb1cfea4464d6,Download Brochure,871.130757,1855.0,98.0,14.0,16.0,2.0,16.0,1.0,1.0,469.6122679245283,8.889089357142858,0.052830188679245285,435.5653785,49.0,120206184178900764,2.0,,,,,,,,,,,
285,66d7e314b3fdb1cfea4464d7,Get Floor Plan,206.084693,304.0,18.0,1.0,1.0,1.0,1.0,0.0,,677.9101743421053,11.44914961111111,0.05921052631578947,206.084693,18.0,120206184178900764,1.0,,,,,,,,,,,
286,66d7e314b3fdb1cfea4464d8,Get Quote,437.375069,1084.0,30.0,8.0,10.0,0.0,10.0,1.0,,403.4825359778598,14.579168966666666,0.027675276752767528,,,120206184178900764,,,,,,1.0,,,,,,
287,66d7e314b3fdb1cfea4464d9,Reserve your spot at One DXP,5778.678319,3627.0,90.0,21.0,30.0,2.0,30.0,7.0,,1593.239128480838,64.20753687777777,0.02481389578163772,2889.3391595,45.0,120206061672090764,2.0,,,2.0,,,,,,,,
288,66d7e314b3fdb1cfea4464da,Secure you One DXP Home,891.551856,843.0,10.0,0.0,0.0,0.0,0.0,0.0,,1057.5941352313168,89.15518560000001,0.011862396204033215,,,120206061672090764,,,,,,,,,,,,
289,66d7e314b3fdb1cfea4464db,Book One DXP now!,2763.018814,2904.0,22.0,8.0,11.0,0.0,11.0,3.0,,951.4527596418734,125.59176427272727,0.007575757575757576,,,120206061672090764,,,,,,,,,,,,
290,66d7e314b3fdb1cfea4464dc,Book The Edition Now,5640.409511,3907.0,53.0,19.0,23.0,1.0,23.0,4.0,,1443.6676506270796,106.42282096226415,0.013565395444074738,5640.409511,53.0,120206059489370764,1.0,,,,,,,,,,,
291,66d7e314b3fdb1cfea4464dd,Lock in Your Edition,371.522722,668.0,3.0,2.0,3.0,0.0,3.0,1.0,,556.1717395209581,123.84090733333333,0.004491017964071856,,,120206059489370764,,,,,,,,,,,,
292,66d7e314b3fdb1cfea4464de,Reserve The Edition,4025.721141,3277.0,26.0,10.0,17.0,1.0,17.0,5.0,,1228.4776139761977,154.8354285,0.007934086054317974,4025.721141,26.0,120206059489370764,1.0,,,,,2.0,,,,,,
293,66d7e314b3fdb1cfea4464df,Reverse The Edition,46.677842,103.0,0.0,0.0,0.0,0.0,0.0,0.0,,453.1829320388349,,0.0,,,120205976911840764,,,,,,,,,,,,
294,66d7e314b3fdb1cfea4464e0,Book The Edition Now,171.205406,219.0,0.0,0.0,0.0,0.0,0.0,0.0,,781.7598447488585,,0.0,,,120205976911840764,,,,,,,,,,,,
295,66d7e314b3fdb1cfea4464e1,Lock in Your Edition,799.56174,925.0,11.0,5.0,5.0,0.0,5.0,0.0,,864.3910702702702,72.6874309090909,0.011891891891891892,,,120205976911840764,,,,,,,,,,,,
296,66d7e314b3fdb1cfea4464e2,"High Returns, Zero CAM!",274.499369,526.0,13.0,8.0,104.0,1.0,104.0,1.0,95.0,521.8619182509506,21.11533607692308,0.024714828897338403,274.499369,13.0,120210663993570641,1.0,,,,,,,,,,,
297,66d7e314b3fdb1cfea4464e3,"High Returns, Zero CAM!",75.484064,271.0,3.0,1.0,1.0,0.0,1.0,0.0,,278.5389815498155,25.161354666666668,0.01107011070110701,,,120210663993570641,,,,,,,,,,,,
298,66d7e314b3fdb1cfea4464e4,Get Monthly Rent of ‚Çπ1.55 lakhs,170.052474,828.0,6.0,2.0,2.0,0.0,2.0,0.0,,205.377384057971,28.342079,0.007246376811594203,,,120210663993570641,,,,,,,,,,,,
299,66d7e314b3fdb1cfea4464e5,"Exclusive Managed Flats, Act Now!",781.40412,6627.0,34.0,27.0,34.0,2.0,34.0,6.0,,117.91219556360343,22.982474117647058,0.0051305266334691416,390.70206,17.0,120210663993570641,2.0,,,,,1.0,,,,,,
300,66d7e314b3fdb1cfea4464e6,Get Monthly Rent of ‚Çπ1.55 lakhs,105.9628,241.0,5.0,3.0,45.0,0.0,45.0,0.0,42.0,439.67966804979255,21.19256,0.02074688796680498,,,120210663993570641,,,,,,,,,,,,
301,66d7e314b3fdb1cfea4464e7,"Exclusive Managed Flats, Act Now!",109.717427,357.0,5.0,1.0,28.0,1.0,28.0,0.0,27.0,307.3317282913165,21.9434854,0.014005602240896359,109.717427,5.0,120210663993570641,1.0,,,,,,,,,,,
302,66d7e314b3fdb1cfea4464e8,Elite Homes Await You,7215.842118,29798.0,1226.0,824.0,1129.0,9.0,1130.0,136.0,168.0,242.15860520840323,5.88567872593801,0.0411437009195248,801.7602353333333,136.22222222222223,120210518197220641,9.0,10.0,1.0,1.0,1.0,,,,,,,
303,66d7e314b3fdb1cfea4464e9,Luxury Living Starts Here,3508.706348,17836.0,661.0,488.0,706.0,0.0,706.0,58.0,157.0,196.72047252747254,5.30817904387292,0.03705987889661359,,,120210518197220641,,,,3.0,,,,,,,,
304,66d7e314b3fdb1cfea4464ea,Call 7669467935 For Offers,2599.040261,8921.0,146.0,77.0,193.0,2.0,193.0,22.0,94.0,291.3395651832754,17.801645623287673,0.016365878264768523,1299.5201305,73.0,120210518197220641,2.0,2.0,,,,,,,,,,
305,66d7e314b3fdb1cfea4464eb,Own Your Dream Flat Today!,203.596893,742.0,7.0,2.0,200.0,0.0,200.0,2.0,196.0,274.3893436657682,29.085270428571427,0.009433962264150943,,,120210421579810641,,,,,,,,,,,,
306,66d7e314b3fdb1cfea4464ec,Smart World 69 - Where Success Lives In Style,211.583241,726.0,13.0,4.0,203.0,0.0,203.0,0.0,199.0,291.43697107438015,16.27563392307692,0.01790633608815427,,,120210421579810641,,,,,,,,,,,,
307,66d7e314b3fdb1cfea4464ed,Call 9911849224 For Best Deals,90.758495,457.0,13.0,7.0,148.0,0.0,148.0,2.0,139.0,198.5962691466083,6.981422692307692,0.028446389496717725,,,120210421579810641,,,,,,,,,,,,
308,66d7e314b3fdb1cfea4464ee,Call 7669467935 For Best Deals,540.252937,922.0,25.0,11.0,165.0,2.0,165.0,4.0,150.0,585.9576323210412,21.61011748,0.027114967462039046,270.1264685,12.5,120210421579810641,2.0,2.0,,,,,,,,,,
309,66d7e314b3fdb1cfea4464ef,Book Your Dream Home Now!,12122.184501,48273.0,1380.0,295.0,8459.0,39.0,8460.0,39.0,8123.0,251.11728090236778,8.784191667391305,0.02858740911068299,310.82524361538464,35.38461538461539,120210421110140641,39.0,51.0,1.0,2.0,1.0,,,,,,,
310,66d7e314b3fdb1cfea4464f0,Call 9289221168 For Best Offers!,1550.622267,7994.0,228.0,59.0,1380.0,4.0,1380.0,2.0,1318.0,193.97326332249187,6.800974855263158,0.02852139104328246,387.65556675,57.0,120210421110140641,4.0,7.0,,1.0,,,,,,,,
311,66d7e314b3fdb1cfea4464f1,Exclusive Pre-Launch Offers!,1713.023954,8831.0,261.0,60.0,1371.0,8.0,1371.0,3.0,1307.0,193.9784796738761,6.563310168582375,0.029554976786320915,214.12799425,32.625,120210421110140641,8.0,9.0,,1.0,,,,,,,,
312,66d7e314b3fdb1cfea4464f2,Smartworld69 - The Address Of The Elite,2645.402536,2040.0,63.0,20.0,168.0,6.0,168.0,8.0,136.0,1296.7659490196077,41.990516444444445,0.030882352941176472,440.90042266666666,10.5,120210294451350641,6.0,11.0,,3.0,,,1.0,,,,,
313,66d7e314b3fdb1cfea4464f3,Luxury Living at Smartworld 69,50.552405,175.0,2.0,0.0,1.0,0.0,1.0,1.0,,288.8708857142857,25.2762025,0.011428571428571429,,,120210294451350641,,,,,,,,,,,,
314,66d7e314b3fdb1cfea4464f4,Premium Homes in Gurugram!,4119.011131,11585.0,98.0,41.0,295.0,10.0,295.0,34.0,216.0,355.5469254208028,42.03072582653061,0.008459214501510574,411.90111310000003,9.8,120210294451350641,10.0,17.0,,,,4.0,,,,,,
315,66d7e314b3fdb1cfea4464f5,Call 9811023094 To Book Today!,3967.173944,11636.0,83.0,37.0,968.0,9.0,968.0,33.0,889.0,340.9396651770368,47.79727643373494,0.0071330354073564795,440.7971048888889,9.222222222222221,120210294451350641,9.0,14.0,,,,8.0,1.0,,,,,
316,66d7e314b3fdb1cfea4464f6,Premium Homes in Gurugram!,80.787862,115.0,3.0,0.0,19.0,0.0,19.0,0.0,19.0,702.503147826087,26.929287333333335,0.02608695652173913,,,120210294451350641,,,,,,,,,,,,
317,66d7e314b3fdb1cfea4464f7,Call 9811023094 To Book Today!,131.360264,175.0,1.0,0.0,42.0,0.0,42.0,0.0,42.0,750.63008,131.360264,0.005714285714285714,,,120210294451350641,,,,,,,,,,,,
318,66d7e314b3fdb1cfea4464f8,Smartworld69 - The Address Of The Elite,45.943097,72.0,0.0,0.0,11.0,0.0,11.0,0.0,11.0,638.0985694444445,,0.0,,,120210294451350641,,,,,,,,,,,,
319,66d7e314b3fdb1cfea4464f9,Luxury Living at Smartworld 69,1.309803,3.0,0.0,0.0,0.0,0.0,0.0,0.0,,436.60100000000006,,0.0,,,120210294451350641,,,,,,,,,,,,
320,66d7e314b3fdb1cfea4464fa,Smartworld69 - The Finest Address In Gurugram,198.260212,539.0,7.0,2.0,83.0,1.0,83.0,2.0,78.0,367.829706864564,28.322887428571427,0.012987012987012988,198.260212,7.0,120210294451350641,1.0,2.0,,,,1.0,,,,,,
321,66d7e314b3fdb1cfea4464fb,Premium Homes in Prime Location!,44.913252,95.0,4.0,2.0,23.0,0.0,23.0,0.0,21.0,472.77107368421053,11.228313,0.042105263157894736,,,120210294451350641,,,,,,,,,,,,
322,66d7e314b3fdb1cfea4464fc,Premium Homes in Prime Location!,0.279958,1.0,0.0,0.0,0.0,0.0,0.0,0.0,,279.95799999999997,,0.0,,,120210294451350641,,,,,,,,,,,,
323,66d7e314b3fdb1cfea4464fd,Smartworld69 - The Finest Address In Gurugram,9.91851,14.0,0.0,0.0,2.0,0.0,2.0,0.0,2.0,708.465,,0.0,,,120210294451350641,,,,,,,,,,,,
324,66d7e314b3fdb1cfea4464fe,World-class Amenities And Spacious Floors!,31.534677,602.0,2.0,0.0,0.0,0.0,0.0,0.0,,52.38318438538206,15.7673385,0.0033222591362126247,,,120210292375720641,,,,,,,,,,,,
325,66d7e314b3fdb1cfea4464ff,EOI in INR 5 Lakhs!,118.03833,2941.0,7.0,7.0,65.0,0.0,65.0,0.0,58.0,40.135440326419584,16.862618571428573,0.0023801428085685142,,,120210292375720641,,,,,,,,,,,,
326,66d7e314b3fdb1cfea446500,EOI in INR 5 Lakhs!,90.140354,322.0,3.0,0.0,29.0,0.0,29.0,0.0,29.0,279.93898757763975,30.046784666666667,0.009316770186335404,,,120210292375720641,,,,,,,,,,,,
327,66d7e314b3fdb1cfea446501,Signature Global: Luxury Living At Its Best,61.794017,392.0,5.0,2.0,40.0,0.0,40.0,1.0,37.0,157.63779846938775,12.3588034,0.012755102040816327,,,120210292375720641,,,,,,,,,,,,
328,66d7e314b3fdb1cfea446502,World-class Amenities And Spacious Floors!,323.018709,1001.0,33.0,26.0,148.0,1.0,148.0,0.0,122.0,322.696012987013,9.788445727272727,0.03296703296703297,323.018709,33.0,120210292375720641,1.0,1.0,,,,,,,,,,
329,66d7e314b3fdb1cfea446503,Premier Residences At Signature Global,0.597814,7.0,0.0,0.0,0.0,0.0,0.0,0.0,,85.402,,0.0,,,120210292375720641,,,,,,,,,,,,
330,66d7e314b3fdb1cfea446504,Book Your Dream Home Today!,402.17001,979.0,31.0,6.0,167.0,2.0,167.0,1.0,160.0,410.7967415730337,12.973226129032257,0.031664964249233915,201.085005,15.5,120210206293530641,2.0,4.0,,,,,,,,,,
331,66d7e314b3fdb1cfea446505,Book Your Dream Home Today!,356.991464,1159.0,14.0,2.0,92.0,0.0,92.0,3.0,87.0,308.0167937877481,25.499390285714288,0.012079378774805867,,,120210206293530641,,,,,,,,,,,,
332,66d7e314b3fdb1cfea446506,Luxury Living Awaits You!,166.27424,437.0,4.0,3.0,4.0,0.0,4.0,1.0,,380.49025171624714,41.56856,0.009153318077803204,,,120210206293530641,,,,,,,,,,,,
333,66d7e314b3fdb1cfea446507,Discover SOBHA NEOPOLIS Now!,1013.804192,8277.0,54.0,42.0,49.0,0.0,49.0,6.0,,122.48449824815754,18.7741517037037,0.006524102935846321,,,120210206293530641,,,,,,1.0,,,,,,
334,66d7e314b3fdb1cfea446508,The Epitome of Luxury Awaits!,295.913986,3154.0,5.0,4.0,9.0,0.0,9.0,5.0,,93.8218091312619,59.1827972,0.0015852885225110971,,,120210206293530641,,,,,,,,,,,,
335,66d7e314b3fdb1cfea446509,The Epitome Of Luxury Awaits!,122.59465,398.0,9.0,0.0,31.0,0.0,31.0,2.0,29.0,308.02675879396986,13.621627777777778,0.022613065326633167,,,120210206293530641,,,,,,,,,,,,
336,66d7e314b3fdb1cfea44650a,Luxury Has A New Address,2310.641338,6321.0,51.0,28.0,364.0,3.0,364.0,10.0,325.0,365.549966461003,45.30669290196078,0.008068343616516375,770.2137793333333,17.0,120210206293530641,3.0,6.0,,,,1.0,,,,,,
337,66d7e314b3fdb1cfea44650b,Luxury Has A New Address,1565.979769,4075.0,126.0,33.0,654.0,4.0,654.0,5.0,614.0,384.2895138650307,12.428410865079366,0.030920245398773007,391.49494225,31.5,120210206293530641,4.0,8.0,1.0,2.0,,,,,,,,
338,66d7e314b3fdb1cfea44650c,The Epitome Of Luxury Awaits!,245.039404,783.0,17.0,2.0,103.0,0.0,103.0,0.0,101.0,312.9494303959131,14.414082588235294,0.021711366538952746,,,120210206293530641,,,,,,,,,,,,
339,66d7e314b3fdb1cfea44650d,Luxury Has A New Address,0.679527,4.0,0.0,0.0,0.0,0.0,0.0,0.0,,169.88175,,0.0,,,120210206293530641,,,,,,,,,,,,
340,66d7e314b3fdb1cfea44650e,Schedule Your Private Viewing Today!,516.230602,787.0,22.0,4.0,65.0,0.0,65.0,0.0,61.0,655.9473977128334,23.465027363636363,0.02795425667090216,,,120210206293530641,,,,,,,,,,,,
341,66d7e314b3fdb1cfea44650f,Secure Your Place Today!,2100.547605,1598.0,10.0,4.0,107.0,0.0,107.0,1.0,101.0,1314.485359824781,210.05476050000001,0.006257822277847309,,,120210206293530641,,,,,,1.0,,,,,,
342,66d7e314b3fdb1cfea446510,Schedule Your Private Viewing Today!,19.816204,23.0,0.0,0.0,1.0,0.0,1.0,0.0,1.0,861.5740869565217,,0.0,,,120210206293530641,,,,,,,,,,,,
343,66d7e314b3fdb1cfea446511,Secure Your Place Today!,8.084372,7.0,0.0,0.0,0.0,0.0,0.0,0.0,,1154.9102857142857,,0.0,,,120210206293530641,,,,,,,,,,,,
344,66d7e314b3fdb1cfea446512,Your Dream Home Here!,6.8,6.0,0.0,0.0,0.0,0.0,0.0,0.0,,1133.3333333333333,,0.0,,,120210206070790641,,,,,,,,,,,,
345,66d7e314b3fdb1cfea446513,Luxury Living Awaits!,4.48,8.0,0.0,0.0,0.0,0.0,0.0,0.0,,560.0,,0.0,,,120210206070790641,,,,,,,,,,,,
346,66d7e314b3fdb1cfea446514,Discover SOBHA NEOPOLIS,16.66,9.0,1.0,1.0,1.0,0.0,1.0,0.0,,1851.111111111111,16.66,0.1111111111111111,,,120210206070790641,,,,,,,,,,,,
347,66d7e314b3fdb1cfea446515,Chat with us,243.73,498.0,15.0,8.0,13.0,0.0,13.0,5.0,,489.41767068273094,16.248666666666665,0.030120481927710843,,,120210161930160641,,,,,,,,4.0,4.0,,,
348,66d7e314b3fdb1cfea446516,Luxury Floors with Premium Amenities!,211.67,664.0,25.0,17.0,23.0,0.0,23.0,6.0,,318.7801204819277,8.4668,0.03765060240963856,,,120210161930160641,,,,,,,,10.0,12.0,1.0,,1.0
349,66d7e314b3fdb1cfea446517,3.5 BHK Premium Floors from 1.5 Cr onwards,9099.499582,18556.0,115.0,65.0,99.0,13.0,100.0,32.0,,490.38044740245743,79.12608332173913,0.006197456348350938,699.9615063076924,8.846153846153847,120210145757100641,13.0,7.0,,1.0,1.0,1.0,,,,,,
350,66d7e314b3fdb1cfea446518,Secure Your Plot Now!,62.268243,65.0,2.0,0.0,1.0,0.0,1.0,1.0,,957.9729692307692,31.1341215,0.03076923076923077,,,120210142522050641,,,,,,,,,,,,
351,66d7e314b3fdb1cfea446519,Invest in Royal Greens üåü,82.847747,81.0,1.0,0.0,0.0,0.0,0.0,0.0,,1022.8116913580247,82.847747,0.012345679012345678,,,120210142522050641,,,,,,,,,,,,
352,66d7e314b3fdb1cfea44651a,Luxury Plots in Gauribidanur!,31.204086,58.0,0.0,0.0,0.0,0.0,0.0,0.0,,538.0014827586207,,0.0,,,120210142522050641,,,,,,,,,,,,
353,66d7e314b3fdb1cfea44651b,Secure Your Plot Now!,915.553063,2915.0,202.0,40.0,692.0,7.0,692.0,7.0,644.0,314.08338353344766,4.532440905940594,0.06929674099485421,130.7932947142857,28.857142857142858,120210142522050641,7.0,6.0,,,,,1.0,,,,,
354,66d7e314b3fdb1cfea44651c,Invest in Royal Greens üåü,1185.65531,7021.0,300.0,48.0,1432.0,9.0,1432.0,33.0,1349.0,168.8727118644068,3.952184366666667,0.04272895598917533,131.7394788888889,33.333333333333336,120210142522050641,9.0,8.0,1.0,2.0,,,,,,,,
355,66d7e314b3fdb1cfea44651d,Luxury Plots in Gauribidanur!,4592.79765,21761.0,357.0,178.0,3220.0,50.0,3220.0,80.0,2948.0,211.05636919259226,12.864979411764708,0.01640549607095262,91.85595300000001,7.14,120210142522050641,50.0,54.0,5.0,,,12.0,2.0,,,,,
356,66d7e314b3fdb1cfea44651e,Discover Your Dream Home Now!,1890.535136,2534.0,39.0,15.0,181.0,1.0,181.0,6.0,159.0,746.0675359116021,48.4752598974359,0.015390686661404893,1890.535136,39.0,120210064917080641,1.0,1.0,,,,1.0,,,,,,
357,66d7e314b3fdb1cfea44651f,Luxury Flats with Top Amenities!,54.061265,275.0,5.0,3.0,5.0,0.0,5.0,2.0,,196.58641818181817,10.812253,0.01818181818181818,,,120210064917080641,,,,,,,,,,,,
358,66d7e314b3fdb1cfea446520,Secure Your Future Today!,1930.363966,15851.0,103.0,63.0,113.0,0.0,113.0,48.0,2.0,121.78184127184403,18.741397728155338,0.006498012743675478,,,120210064917080641,,,,,,,,,,,,
359,66d7e314b3fdb1cfea446521,Luxury Floors with Top Amenities!,2202.659234,38240.0,165.0,132.0,140.0,3.0,140.0,8.0,,57.60092139121339,13.349449903030305,0.004314853556485356,734.2197446666668,55.0,120210064917080641,3.0,3.0,,,,,,,,,,
360,66d7e314b3fdb1cfea446522,Discover Your Dream Home Today!,300.270399,7912.0,47.0,29.0,46.0,0.0,46.0,17.0,,37.95126377654196,6.388731893617021,0.005940343781597573,,,120210064917080641,,,,,,,,,,,,
361,66d7e314b3fdb1cfea446523,Own Luxury Villas Now!,2918.193201,6960.0,172.0,51.0,58.0,18.0,58.0,3.0,,419.2806323275862,16.966239540697675,0.02471264367816092,162.1218445,9.555555555555555,120210063684560641,18.0,18.0,,,,3.0,1.0,,,,,
362,66d7e314b3fdb1cfea446524,Claim Your Dream Villa Today!,67.757119,95.0,2.0,0.0,0.0,0.0,0.0,0.0,,713.2328315789474,33.8785595,0.021052631578947368,,,120210063684560641,,,,,,,,,,,,
363,66d7e314b3fdb1cfea446525,Live Lavishly in Electronic City!,4013.979724,10622.0,181.0,72.0,102.0,23.0,102.0,13.0,2.0,377.89302617209563,22.17668355801105,0.017040105441536432,174.52085756521737,7.869565217391305,120210063684560641,23.0,25.0,,1.0,,9.0,5.0,,,,,
