,_id,buying_type,created_time,campaign_id,lifetime_budget,name,start_time,status,stop_time,adset_id,adset_name,adaccount_id,date_start,date_stop,campaign_name,impressions,clicks,spend,leads,link_click,unique_clicks,unique_link_click,post_engagement,page_engagement,post_reaction,lead,actual_cpl,cpl_30,ctl,cpm,cpc,ctr,click_to_form,form_to_lead
0,66d874f408b05b0db2e84890,AUCTION,2024-09-03T17:57:20+0530,120212056817890764,1465279,Smartworld_One_DXP_Gurugram_Sarabjit_03/09/24_campaign,2024-09-03T17:57:21+0530,ACTIVE,2024-09-11T23:55:00+0530,"['120212056817920764', '120212059957140764']","['Smartworld_One_DXP_Gurugram_Sarabjit_Investor_Focused_adset_03/09/24', 'Smartworld_One_DXP_Gurugram_Sarabjit_LAL_3&5cr_adset_03/09/24']",7169553933166414,2024-09-03,2024-09-04,Smartworld_One_DXP_Gurugram_Sarabjit_03/09/24_campaign,3328.0,18.0,1429.1,0.0,13.0,16.0,0.0,241.0,241.0,6.0,,,,,429.4170673076923,79.39444444444445,0.005408653846153846,0.7222222222222222,
1,66d874f408b05b0db2e84891,AUCTION,2024-09-01T17:53:57+0530,120212014042530764,3500000,Omaxe_Dwarka_Delhi_Delhi_shivnaman_bawa_01/09/24_campaign,2024-09-02T12:58:12+0530,PAUSED,2024-09-16T23:52:16+0530,['120212027794890764'],['Omaxe_Dwarka_Delhi_LeapX_Campaigns_Com_A_LC_investor_focused_adset'],7169553933166414,2024-09-02,2024-09-04,Omaxe_Dwarka_Delhi_Delhi_shivnaman_bawa_01/09/24_campaign,2492.0,19.0,461.19,0.0,14.0,18.0,0.0,18.0,18.0,3.0,,,,,185.06821829855537,24.27315789473684,0.007624398073836276,0.7368421052631579,
2,66d874f408b05b0db2e84892,AUCTION,2024-08-31T12:22:31+0530,120211992769850764,1483020,ATS_Homekraft_Gurugram_Gurugram_Landbase_31/08/24_campaign,2024-08-31T18:22:30+0530,PAUSED,2024-09-30T18:22:30+0530,"['120211992770610764', '120212000253220764']","['ATS_Homekraft_Gurugram_Landbase_Res_V_LC_investor_focused_adset', 'ATS_Homekraft_Gurugram_Landbase_Res_V_LC_LAL_3cr_adset']",7169553933166414,2024-08-31,2024-09-04,ATS_Homekraft_Gurugram_Gurugram_Landbase_31/08/24_campaign,4055.0,61.0,1586.74,0.0,20.0,54.0,0.0,448.0,448.0,5.0,,,,,391.3045622688039,26.012131147540984,0.015043156596794081,0.32786885245901637,
3,66d874f408b05b0db2e84893,AUCTION,2024-08-31T12:12:18+0530,120211992715800764,1483090,Samyak_Boulevard_83_Gurugram_Gurugram_Landbase_31/08/24_campaign,2024-08-31T18:12:18+0530,ACTIVE,2024-09-30T18:12:18+0530,['120211992716410764'],['Samyak_Boulevard_83_Gurugram_Landbase_Com_A_LC_investor_focused_adset'],7169553933166414,2024-08-31,2024-09-04,Samyak_Boulevard_83_Gurugram_Gurugram_Landbase_31/08/24_campaign,6097.0,115.0,2188.58,0.0,45.0,87.0,0.0,799.0,799.0,9.0,8.0,273.5725,390.8178571428572,14.375,358.96014433327866,19.031130434782607,0.018861735279645728,0.391304347826087,0.17777777777777778
4,66d874f408b05b0db2e84894,AUCTION,2024-08-28T16:38:27+0530,120211915589710764,1120000,Smartworld_One_DXP_Gurugram_Sarabjit_27/08/24_SE Asia_campaign,2024-08-28T16:38:27+0530,PAUSED,2024-09-11T20:00:48+0530,"['120211915589700764', '120211917231740764', '120211917257550764']","['Smartworld_One_DXP_Sarabjit_Res_L_LC_investor_focused_adset_SE Asia', 'Smartworld_One_DXP_Sarabjit_Res_L_LC_LAL_3cr_SE Asia_adset', 'Smartworld_One_DXP_Sarabjit_Res_L_LC_LAL_5cr_SE Asia_adset']",7169553933166414,2024-08-28,2024-09-04,Smartworld_One_DXP_Gurugram_Sarabjit_27/08/24_SE Asia_campaign,1795.0,43.0,756.22,0.0,30.0,41.0,0.0,319.0,319.0,6.0,1.0,756.22,1080.314285714286,43.0,421.2924791086351,17.586511627906976,0.02395543175487465,0.6976744186046512,0.03333333333333333
5,66d874f408b05b0db2e84895,AUCTION,2024-08-27T14:00:49+0530,120211887712890764,1120000,Smartworld_One_DXP_Gurugram_Sarabjit_27/08/24_campaign_USA,2024-08-27T20:00:48+0530,PAUSED,2024-09-11T20:00:48+0530,['120211887716450764'],['Smartworld_One_DXP_Sarabjit_Res_L_LC_investor_focused_adset_USA'],7169553933166414,2024-08-27,2024-09-04,Smartworld_One_DXP_Gurugram_Sarabjit_27/08/24_campaign_USA,720.0,16.0,2738.36,0.0,11.0,16.0,0.0,62.0,62.0,2.0,,,,,3803.277777777778,171.1475,0.022222222222222223,0.6875,
6,66d874f408b05b0db2e84896,AUCTION,2024-08-24T17:03:53+0530,120211836689260764,700000,MVN_Mall_Gurugram_Sanjoli_Yadav__24/08/24_campaign,2024-08-24T17:25:21+0530,PAUSED,2024-09-08T21:29:52+0530,['120211836698690764'],['MVN_Mall_Sanjoli_Yadav__Com_A_LC_investor_focused_adset'],7169553933166414,2024-08-24,2024-09-04,MVN_Mall_Gurugram_Sanjoli_Yadav__24/08/24_campaign,5402.0,75.0,3575.05,0.0,32.0,56.0,0.0,34.0,34.0,1.0,3.0,1191.6833333333334,1702.4047619047622,25.0,661.8011847463903,47.66733333333334,0.013883746760459089,0.4266666666666667,0.09375
7,66d874f408b05b0db2e84897,AUCTION,2024-08-21T19:38:48+0530,120211763205370764,350000,The_Lotus_India_Kolhapur_Sanjoli_Yadav_21/08/24_campaign,2024-08-21T19:40:00+0530,PAUSED,2024-09-05T19:30:00+0530,['120211763205390764'],['The_Lotus_India__Kolhapur_Sanjoli_Yadav_21/08/24_adset'],7169553933166414,2024-08-21,2024-09-04,The_Lotus_India_Kolhapur_Sanjoli_Yadav_21/08/24_campaign,383.0,17.0,192.24,0.0,3.0,12.0,0.0,23.0,23.0,1.0,,,,,501.93211488250654,11.308235294117647,0.044386422976501305,0.17647058823529413,
8,66d874f408b05b0db2e84898,AUCTION,2024-08-17T17:10:13+0530,120211668082000764,3500000,HOABL_One_Goa__Sarabjit_17/08/24_campaign,2024-08-17T19:00:00+0530,ACTIVE,2024-09-16T23:04:09+0530,"['120211668083090764', '120211912290150764', '120211912855710764']","['HOABL_One_Goa_Sarabjit_Plot_V_SC_investor_focused_adset', 'HOABL_One_Goa_Sarabjit_Plot_V_SC_LAL_3cr_ad_set', 'HOABL_One_Goa_Sarabjit_Plot_V_SC_LAL_5cr_ad_set']",7169553933166414,2024-08-17,2024-09-04,HOABL_One_Goa__Sarabjit_17/08/24_campaign,20369.0,200.0,5697.18,0.0,89.0,166.0,0.0,297.0,298.0,9.0,10.0,569.7180000000001,813.8828571428572,20.0,279.6985615395945,28.4859,0.009818842358485935,0.445,0.11235955056179775
9,66d874f408b05b0db2e84899,AUCTION,2024-08-14T12:21:47+0530,120211585949220764,350000,The_Lotus_India__Kolhapur_Sanjoli_Yadav__14/08/24_campaign,2024-08-14T15:55:00+0530,PAUSED,2024-08-29T18:21:46+0530,['120211585954520764'],['The_Lotus_India__Sanjoli_Yadav__Plot_V_SC_investor_focused_adset'],7169553933166414,2024-08-14,2024-09-04,The_Lotus_India__Kolhapur_Sanjoli_Yadav__14/08/24_campaign,553.0,7.0,597.67,0.0,5.0,7.0,0.0,10.0,10.0,2.0,,,,,1080.7775768535262,85.38142857142857,0.012658227848101266,0.7142857142857143,
10,66d874f408b05b0db2e8489a,AUCTION,2024-08-12T19:37:04+0530,120211545497890764,700000,CA_SmartWorld_69_Gurugram_Sanjoli_Yadav__12/08/24_campaign,2024-08-12T19:37:04+0530,PAUSED,2024-08-26T19:30:00+0530,['120211545498030764'],['CA_SmartWorld_69_Gurugram_Sanjoli_Yadav__12/08/24_ad set'],7169553933166414,2024-08-12,2024-09-04,CA_SmartWorld_69_Gurugram_Sanjoli_Yadav__12/08/24_campaign,1180.0,11.0,2120.6,0.0,5.0,11.0,0.0,80.0,80.0,,,,,,1797.1186440677966,192.78181818181818,0.009322033898305085,0.45454545454545453,
11,66d874f408b05b0db2e8489b,AUCTION,2024-08-11T16:04:08+0530,120211524349950764,700000,LAL_SmartWorld_69_Gurugram_Sanjoli_Yadav__11/08/24_campaign,2024-08-11T17:27:01+0530,ACTIVE,2024-08-25T17:00:00+0530,['120211524620400764'],['SmartWorld_69_Gurugram_Sanjoli_Yadav__11/08/24_ad_set'],7169553933166414,2024-08-11,2024-09-04,LAL_SmartWorld_69_Gurugram_Sanjoli_Yadav__11/08/24_campaign,13620.0,181.0,6999.26,0.0,73.0,143.0,0.0,892.0,892.0,28.0,18.0,388.84777777777776,555.4968253968254,10.055555555555555,513.8957415565345,38.669944751381216,0.01328928046989721,0.40331491712707185,0.2465753424657534
12,66d874f408b05b0db2e8489c,AUCTION,2024-08-01T14:32:28+0530,120211318900910764,511423,Parth_Kiona_Pune_LeapX_Campaigns_01/08/24_campaign,2024-08-01T21:35:58+0530,PAUSED,2024-08-15T20:41:32+0530,"['120211327553380764', '120211328178880764', '120211412404660764']","['Parth_Kiona_LeapX_Campaigns_Res_A_LC_investor_focused_adset', 'Parth_Kiona_LeapX_Campaigns_Res_A_LC_investor_focused_adset – video', 'Parth_Kiona_LeapX_Campaigns_Res_A_LC_investor_focused_adset_Img+Vid']",7169553933166414,2024-08-01,2024-09-04,Parth_Kiona_Pune_LeapX_Campaigns_01/08/24_campaign,1305.0,13.0,868.71,0.0,8.0,13.0,0.0,80.0,80.0,4.0,,,,,665.6781609195402,66.82384615384616,0.00996168582375479,0.6153846153846154,
13,66d874f408b05b0db2e8489d,AUCTION,2024-07-29T17:45:00+0530,120211258253310764,1050000,Signature_Global_Gurugram_Mayank_Parnami_29/07/24_campaign,2024-07-29T23:43:01+0530,PAUSED,2024-08-13T23:43:01+0530,"['120211258256660764', '120211284345970764']","['Signature_Global_Mayank_Parnami_Res_V_LC_investor_focused_adset', 'Signature_Global_Mayank_Parnami_Res_V_LC_investor_focused_adset – 2']",7169553933166414,2024-07-29,2024-09-04,Signature_Global_Gurugram_Mayank_Parnami_29/07/24_campaign,3228.0,21.0,620.76,0.0,11.0,19.0,0.0,20.0,20.0,9.0,1.0,620.76,886.8000000000001,21.0,192.30483271375465,29.56,0.006505576208178439,0.5238095238095238,0.09090909090909091
14,66d874f408b05b0db2e8489e,AUCTION,2024-07-21T20:30:11+0530,120211112693250764,700000,Satya_The_Hive_Gurugram_Himmat_singh__21/07/24_campaign,2024-07-22T02:30:10+0530,ACTIVE,2024-07-28T20:30:00+0530,['120211112693910764'],['Satya_The_Hive_Himmat_singh__Com_A_LC_investor_focused_adset'],7169553933166414,2024-07-22,2024-08-25,Satya_The_Hive_Gurugram_Himmat_singh__21/07/24_campaign,19052.0,229.0,7000.0,0.0,121.0,187.0,0.0,3612.0,3612.0,28.0,17.0,411.7647058823529,588.2352941176471,13.470588235294118,367.41549443627963,30.56768558951965,0.012019735460844005,0.5283842794759825,0.14049586776859505
15,66d874f408b05b0db2e8489f,AUCTION,2024-07-20T17:30:35+0530,120211099272390764,980000,Downtown_Dehra Dun_shivnaman_bawa_20/07/24_campaign,2024-07-20T23:28:06+0530,PAUSED,2024-08-04T23:28:06+0530,['120211099347140764'],['Downtown_LeapX_Campaigns_Plot_V_SC_investor_focused_adset'],7169553933166414,2024-07-20,2024-09-01,Downtown_Dehra Dun_shivnaman_bawa_20/07/24_campaign,28285.0,354.0,9800.0,0.0,130.0,264.0,0.0,172.0,173.0,36.0,21.0,466.6666666666667,666.6666666666666,16.857142857142858,346.47339579282306,27.683615819209038,0.01251546756231218,0.3672316384180791,0.16153846153846155
16,66d874f408b05b0db2e848a0,AUCTION,2024-07-19T18:05:09+0530,120211085617680764,2719570,Signature_Global_Premium_Luxury_Floors_Gurugram_Nitin_Saini_19/07/24_campaign,2024-07-19T20:05:00+0530,ACTIVE,2024-08-08T00:05:00+0530,"['120211085623760764', '120211087285480764']","['Signature_Global_Premium_Luxury_Floors_Nitin_Saini_Res_V_LC_investor_focused_adset', 'Signature_Global_Premium_Luxury_Floors_Nitin_Saini_Res_V_LC_investor_focused_adset – New_Targeting']",7169553933166414,2024-07-19,2024-09-04,Signature_Global_Premium_Luxury_Floors_Gurugram_Nitin_Saini_19/07/24_campaign,19315.0,112.0,6798.88,0.0,45.0,104.0,0.0,58.0,58.0,10.0,3.0,2266.2933333333335,3237.561904761905,37.333333333333336,352.0,60.70428571428572,0.0057986021227025624,0.4017857142857143,0.06666666666666667
17,66d874f408b05b0db2e848a1,AUCTION,2024-07-19T12:56:24+0530,120211080040380764,700000,KOHINOOR_CENTRAL_PARK_Pune_Rajendra_Kokate_19/07/24_campaign,2024-07-19T18:53:14+0530,PAUSED,2024-08-03T18:53:14+0530,"['120211085748990764', '120211086544040764']","['KOHINOOR_CENTRAL_PARK_LeapX_Campaigns_Res_A_LC_investor_focused_adset', 'KOHINOOR_CENTRAL_PARK_LeapX_Campaigns_Res_A_LC_investor_focused_adset – LAL']",7169553933166414,2024-07-19,2024-08-31,KOHINOOR_CENTRAL_PARK_Pune_Rajendra_Kokate_19/07/24_campaign,82.0,0.0,99.69,0.0,0.0,0.0,0.0,103.0,103.0,24.0,1.0,99.69,142.4142857142857,0.0,1215.7317073170732,0.0,0.0,0.0,0.0
18,66d874f408b05b0db2e848a2,AUCTION,2024-07-13T08:47:06+0530,120210969825640764,,Test – Ashiana_Amarah_Gurugram_Sanjoli_Yadav__12/07/24_campaign,2024-07-13T09:14:00+0530,PAUSED,2024-07-19T00:00:00+0530,['120210969825630764'],['Ashiana_Amarah_Sanjoli_Yadav__Res_L_LC_investor_focused_adset'],7169553933166414,2024-07-13,2024-08-15,Test – Ashiana_Amarah_Gurugram_Sanjoli_Yadav__12/07/24_campaign,15132.0,116.0,6517.56,0.0,37.0,105.0,0.0,61.0,61.0,21.0,1.0,6517.56,9310.800000000001,116.0,430.7137192704203,56.18586206896552,0.007665873645255088,0.31896551724137934,0.02702702702702703
19,66d874f408b05b0db2e848a3,AUCTION,2024-07-12T18:48:02+0530,120210959310030764,330000,Ashiana_Amarah_Gurugram_Sanjoli_Yadav__12/07/24_campaign,2024-07-13T00:48:02+0530,PAUSED,2024-07-28T00:48:02+0530,['120210959316530764'],['Ashiana_Amarah_Sanjoli_Yadav__Res_L_LC_investor_focused_adset'],7169553933166414,2024-07-13,2024-08-25,Ashiana_Amarah_Gurugram_Sanjoli_Yadav__12/07/24_campaign,5534.0,48.0,2483.5,0.0,26.0,43.0,0.0,35.0,35.0,9.0,3.0,827.8333333333334,1182.6190476190477,16.0,448.77123238164074,51.739583333333336,0.008673653776653415,0.5416666666666666,0.11538461538461539
20,66d874f408b05b0db2e848a4,AUCTION,2024-07-07T12:25:20+0530,120210858209180764,2100000,KOHINOOR_CENTRAL_PARK_Pune_Sanjoli_Yadav__07/07/24_campaign,2024-07-07T16:15:00+0530,PAUSED,2024-07-22T18:25:19+0530,"['120210858210360764', '120210952871670764']","['KOHINOOR_CENTRAL_PARK_Sanjoli_Yadav__Res_A_LC_investor_focused_adset', 'KOHINOOR_CENTRAL_PARK_Sanjoli_Yadav__Res_A_LC_investor_focused_adset – 2']",7169553933166414,2024-07-07,2024-08-19,KOHINOOR_CENTRAL_PARK_Pune_Sanjoli_Yadav__07/07/24_campaign,156541.0,1027.0,11064.31,0.0,628.0,957.0,0.0,827.0,828.0,190.0,12.0,922.0258333333333,1317.1797619047618,85.58333333333333,70.67994966174996,10.773427458617332,0.006560581572878671,0.611489776046738,0.01910828025477707
21,66d874f408b05b0db2e848a5,AUCTION,2024-07-06T20:28:07+0530,120210852204310764,1260000,Satya_The_Hive_Gurugram_Himmat_singh__06/07/24_campaign,2024-07-07T02:28:06+0530,PAUSED,2024-07-14T02:28:00+0530,['120210852208140764'],['Satya_The_Hive_Himmat_singh__Com_A_LC_investor_focused_adset'],7169553933166414,2024-07-07,2024-08-11,Satya_The_Hive_Gurugram_Himmat_singh__06/07/24_campaign,16578.0,186.0,5661.17,0.0,83.0,151.0,0.0,113.0,115.0,26.0,12.0,471.76416666666665,673.9488095238096,15.5,341.48691036313187,30.436397849462367,0.011219688744118711,0.44623655913978494,0.14457831325301204
22,66d874f408b05b0db2e848a6,AUCTION,2024-07-06T15:46:06+0530,120210849810150764,4022340,ANANTAM_85_Gurugram_Sanjoli_Yadav__06/07/24_campaign,2024-07-06T18:25:00+0530,ACTIVE,2024-07-25T05:30:00+0530,"['120210849837760764', '120211036862640764']","['ANANTAM_85_Sanjoli_Yadav__Res_L_LC_investor_focused_adset', 'ANANTAM_85_Sanjoli_Yadav__Res_L_LC_investor_focused_adset – LAL']",7169553933166414,2024-07-06,2024-08-22,ANANTAM_85_Gurugram_Sanjoli_Yadav__06/07/24_campaign,19077.0,169.0,8368.36,0.0,90.0,149.0,0.0,142.0,142.0,50.0,12.0,697.3633333333333,996.2333333333335,14.083333333333334,438.66226345861514,49.51692307692308,0.00885883524663207,0.5325443786982249,0.13333333333333333
23,66d874f408b05b0db2e848a7,AUCTION,2024-07-04T16:45:56+0530,120210808629270764,1050000,M3M_Golf_Hills_Gurugram_LeapX_Campaigns_04/07/24_campaign,2024-07-04T18:45:00+0530,ACTIVE,2024-07-20T22:20:00+0530,['120210808647290764'],['M3M_Golf_Hills_LeapX_Campaigns_Res_V_LC_investor_focused_adset'],7169553933166414,2024-07-04,2024-08-17,M3M_Golf_Hills_Gurugram_LeapX_Campaigns_04/07/24_campaign,152760.0,871.0,10499.91,0.0,601.0,820.0,0.0,871.0,871.0,260.0,17.0,617.6417647058823,882.3453781512605,51.23529411764706,68.73468185388845,12.055005740528129,0.005701754385964913,0.6900114810562572,0.028286189683860232
24,66d874f408b05b0db2e848a8,AUCTION,2024-07-04T14:11:12+0530,120210805518960764,1877245,Sohna_Premium_Plots__Sohna_Sanjoli_Yadav__04/07/24_campaign,2024-07-04T18:45:00+0530,ACTIVE,2024-09-16T00:00:00+0530,['120210805524630764'],['Sohna_Premium_Plots__Sanjoli_Yadav__Plot_A_SC_investor_focused_adset'],7169553933166414,2024-07-04,2024-09-04,Sohna_Premium_Plots__Sohna_Sanjoli_Yadav__04/07/24_campaign,94758.0,3011.0,16774.05,0.0,797.0,1672.0,0.0,952.0,954.0,81.0,326.0,51.45414110429448,73.50591586327783,9.236196319018404,177.0198822263028,5.5709232813018925,0.03177568120897444,0.26469611424775824,0.4090338770388959
25,66d874f408b05b0db2e848a9,AUCTION,2024-07-04T13:31:46+0530,120210804121610764,700000,Godrej_Forest_Estate_Nagpur_shivnaman_bawa_04/07/24_campaign,2024-07-04T18:46:00+0530,ACTIVE,2024-07-19T19:31:45+0530,['120210804155940764'],['Godrej_Forest_Estate_shivnaman_bawa_Plot_A_SC_investor_focused_adset'],7169553933166414,2024-07-04,2024-08-16,Godrej_Forest_Estate_Nagpur_shivnaman_bawa_04/07/24_campaign,147260.0,896.0,7000.0,0.0,595.0,794.0,0.0,701.0,701.0,97.0,18.0,388.8888888888889,555.5555555555555,49.77777777777778,47.53497215808773,7.8125,0.00608447643623523,0.6640625,0.030252100840336135
26,66d874f408b05b0db2e848aa,AUCTION,2024-07-03T21:29:09+0530,120210791642450764,700000,Satya_Hive_Gurugram_LeapX_Campaigns_03/07/24_campaign,2024-07-04T03:02:54+0530,PAUSED,2024-07-19T03:02:54+0530,['120210791650740764'],['Satya_Hive_LeapX_Campaigns_Com_A_LC_investor_focused_adset'],7169553933166414,2024-07-04,2024-08-16,Satya_Hive_Gurugram_LeapX_Campaigns_03/07/24_campaign,1540.0,16.0,481.54,0.0,11.0,13.0,0.0,16.0,16.0,4.0,1.0,481.54,687.9142857142858,16.0,312.68831168831167,30.09625,0.01038961038961039,0.6875,0.09090909090909091
27,66d874f408b05b0db2e848ab,AUCTION,2024-07-03T19:59:15+0530,120210789735970764,700000,Satya_The_Hive_Gurugram_LeapX_Campaigns_03/07/24_campaign,2024-07-04T01:18:15+0530,PAUSED,2024-07-19T01:18:15+0530,['120210789740120764'],['Satya_The_Hive_LeapX_Campaigns_Com_V_LC_investor_focused_adset'],7169553933166414,2024-07-04,2024-08-16,Satya_The_Hive_Gurugram_LeapX_Campaigns_03/07/24_campaign,2061.0,27.0,692.38,0.0,13.0,20.0,0.0,19.0,19.0,6.0,1.0,692.38,989.1142857142858,27.0,335.94371664240657,25.643703703703704,0.013100436681222707,0.48148148148148145,0.07692307692307693
28,66d874f408b05b0db2e848ac,AUCTION,2024-07-03T16:16:01+0530,120210785543770764,700000,M3M_Route_65_Gurugram_shivnaman_bawa_03/07/24_campaign,2024-07-03T22:16:01+0530,ACTIVE,2024-07-20T22:16:00+0530,"['120210786084580764', '120211038495650764']","['M3M_Route_65_LeapX_Campaigns_Com_L_LC_investor_focused_adset', 'M3M_Route_65_LeapX_Campaigns_Com_L_LC_investor_focused_LAL']",7169553933166414,2024-07-03,2024-08-17,M3M_Route_65_Gurugram_shivnaman_bawa_03/07/24_campaign,5796.0,30.0,738.43,0.0,24.0,30.0,0.0,39.0,39.0,15.0,7.0,105.49,150.70000000000002,4.285714285714286,127.40338164251207,24.61433333333333,0.005175983436853002,0.8,0.2916666666666667
29,66d874f408b05b0db2e848ad,AUCTION,2024-06-29T14:51:00+0530,120210719949520764,3220000,M3M_Altitude_Gurugram_Nitin_Saini_29/06/24_campaign,2024-06-29T14:51:01+0530,PAUSED,2024-07-15T09:21:00+0530,"['120210721667950764', '120210721954630764']","['M3M_Altitude_Nitin_Saini_Res_L_LC_adset – android', 'M3M_Altitude_Nitin_Saini_Res_L_LC_adset – ios']",7169553933166414,2024-06-29,2024-08-12,M3M_Altitude_Gurugram_Nitin_Saini_29/06/24_campaign,9443.0,40.0,2496.38,0.0,25.0,35.0,0.0,27.0,27.0,2.0,,,,,264.3630202266229,62.4095,0.004235941967595044,0.625,
30,66d874f408b05b0db2e848ae,AUCTION,2024-06-23T18:15:33+0530,120210620528000764,1050000,Godrej_Forest_Estate_Nagpur_LeapX_Campaigns_23/06/24_campaign,2024-06-23T18:29:39+0530,PAUSED,2024-07-09T09:29:38+0530,['120210620580800764'],['Godrej_Forest_Estate_LeapX_Campaigns_Plot_A_SC_investor_focused_adset'],7169553933166414,2024-06-23,2024-08-06,Godrej_Forest_Estate_Nagpur_LeapX_Campaigns_23/06/24_campaign,6146.0,38.0,1514.2,0.0,20.0,35.0,0.0,27.0,27.0,7.0,2.0,757.1,1081.5714285714287,19.0,246.37162382037098,39.847368421052636,0.006182883176049463,0.5263157894736842,0.1
31,66d874f408b05b0db2e848af,AUCTION,2024-06-23T16:50:33+0530,120210620064480764,5932150,Boulevard_83_Gurugram_Gurugram_Landbase_23/06/24_campaign,2024-06-23T16:50:34+0530,ACTIVE,2024-07-20T11:20:32+0530,['120210620064570764'],['Boulevard_83_Gurugram_Landbase_Com_V_LC_adset'],7169553933166414,2024-06-23,2024-08-17,Boulevard_83_Gurugram_Gurugram_Landbase_23/06/24_campaign,208284.0,1509.0,59321.5,0.0,678.0,1236.0,0.0,791.0,791.0,95.0,81.0,732.3641975308642,1046.2345679012346,18.62962962962963,284.81064316030034,39.31179589131875,0.007244915596013136,0.44930417495029823,0.11946902654867257
32,66d874f408b05b0db2e848b0,AUCTION,2024-06-20T18:21:00+0530,120210575121320764,3323200,Avenue_62_Noida_shivnaman_bawa_20/06/24_campaign,2024-06-20T21:07:01+0530,ACTIVE,2024-08-23T20:00:00+0530,['120210576728860764'],['Bhutani_Avenue_62_shivnaman_bawa_Com_A_LC_adset'],7169553933166414,2024-06-20,2024-09-04,Avenue_62_Noida_shivnaman_bawa_20/06/24_campaign,101151.0,784.0,33232.0,0.0,397.0,628.0,0.0,520.0,523.0,91.0,55.0,604.2181818181818,863.1688311688313,14.254545454545454,328.53852161619756,42.38775510204081,0.007750788425225653,0.5063775510204082,0.1385390428211587
33,66d874f408b05b0db2e848b1,AUCTION,2024-06-19T15:22:29+0530,120210550557890764,1400000,Bhutani_Avenue_62_Noida_shivnaman_bawa_19/06/24_campaign,2024-06-19T15:22:30+0530,PAUSED,2024-07-05T09:50:30+0530,['120210550559120764'],['Bhutani_Avenue_62_shivnaman_bawa_Com_A_LC_adset'],7169553933166414,2024-06-19,2024-08-02,Bhutani_Avenue_62_Noida_shivnaman_bawa_19/06/24_campaign,1970.0,19.0,1499.02,0.0,9.0,14.0,0.0,11.0,11.0,2.0,3.0,499.67333333333335,713.8190476190476,6.333333333333333,760.9238578680203,78.8957894736842,0.009644670050761422,0.47368421052631576,0.3333333333333333
34,66d874f408b05b0db2e848b2,AUCTION,2024-06-07T17:12:37+0530,120210347709620764,1750000,Signature_Global_Titanium_Gurugram_Nitin_Saini_07/06/24_campaign,2024-06-07T17:12:38+0530,PAUSED,2024-07-08T11:42:35+0530,['120210347709710764'],['Signature_Global_Titanium_Nitin_Saini_Res_L_LC_adset'],7169553933166414,2024-06-07,2024-08-05,Signature_Global_Titanium_Gurugram_Nitin_Saini_07/06/24_campaign,78.0,0.0,49.01,0.0,0.0,0.0,0.0,,,,,,,,628.3333333333334,0.0,0.0,0.0,0.0
35,66d874f408b05b0db2e848b3,AUCTION,2024-06-01T17:05:59+0530,120210240647220764,14000000,Ashiana_Amarah_Gurugram_Ayushi_Mittal_01/06/24_campaign,2024-06-01T17:06:00+0530,PAUSED,2024-07-02T11:35:59+0530,['120210240647300764'],['Ashiana_Amarah_Ayushi_Mittal_Res_L_LC_adset'],7169553933166414,2024-06-01,2024-07-30,Ashiana_Amarah_Gurugram_Ayushi_Mittal_01/06/24_campaign,255700.0,1385.0,89807.96,0.0,777.0,1132.0,0.0,935.0,935.0,138.0,104.0,863.538076923077,1233.6258241758244,13.317307692307692,351.2239342980055,64.84329241877256,0.005416503715291357,0.5610108303249097,0.13384813384813385
36,66d874f408b05b0db2e848b4,AUCTION,2024-05-23T12:36:44+0530,120210058205520764,700000,Shimla_bypass_Dehradun_projects_Mumbai_MNJUL_PATWAL_23/05/24_campaign,2024-05-23T12:36:44+0530,PAUSED,2024-06-23T07:05:40+0530,['120210058206050764'],['Shimla_bypass_Dehradun_projects_MNJUL_PATWAL_Plot_A_LC_adset'],7169553933166414,2024-05-23,2024-07-21,Shimla_bypass_Dehradun_projects_Mumbai_MNJUL_PATWAL_23/05/24_campaign,86710.0,2625.0,7000.0,0.0,832.0,1704.0,0.0,957.0,960.0,96.0,158.0,44.30379746835443,63.29113924050633,16.61392405063291,80.72886633606274,2.6666666666666665,0.030273324876023525,0.31695238095238093,0.18990384615384615
37,66d874f408b05b0db2e848b5,AUCTION,2024-05-21T21:27:55+0530,120209994158980764,,Courtyard_62_Gurugram_Laxchmaan_Negi_21/05/24_campaign,2024-05-21T21:27:56+0530,PAUSED,2024-06-13T23:59:00+0530,"['120209994158970764', '120209994159000764']","['Investment_Test', 'Commercial_Courtyard_2']",7169553933166414,2024-05-21,2024-07-11,Courtyard_62_Gurugram_Laxchmaan_Negi_21/05/24_campaign,16093.0,137.0,12531.35,0.0,79.0,113.0,0.0,98.0,98.0,18.0,17.0,737.1382352941176,1053.0546218487395,8.058823529411764,778.683278444044,91.46970802919708,0.008513018082396073,0.5766423357664233,0.21518987341772153
38,66d874f408b05b0db2e848b6,AUCTION,2024-05-18T01:58:03+0530,120209848778670764,1190000,OMAXE_BOULEVARD_Delhi_Sanjoli_Yadav__18/05/24_campaign,2024-05-18T01:58:03+0530,PAUSED,2024-06-17T20:27:48+0530,['120209848778790764'],['OMAXE_BOULEVARD_Sanjoli_Yadav__Com_V_LC_adset'],7169553933166414,2024-05-18,2024-07-15,OMAXE_BOULEVARD_Delhi_Sanjoli_Yadav__18/05/24_campaign,30831.0,256.0,11900.0,0.0,82.0,178.0,0.0,125.0,125.0,30.0,19.0,626.3157894736842,894.7368421052631,13.473684210526315,385.97515487658524,46.484375,0.008303331062891247,0.3203125,0.23170731707317074
39,66d874f408b05b0db2e848b7,AUCTION,2024-05-17T21:44:14+0530,120209839778400764,700000,Sohna_Premium_Plots__Sohna_Sanjoli_Yadav__17/05/24_campaign,2024-05-17T21:44:15+0530,PAUSED,2024-07-03T12:22:57+0530,"['120209839778800764', '120210750670600764']","['Sohna_Premium_Plots__Sanjoli_Yadav__Plot_A_SC_adset', 'Sohna_Premium_Plots__Sanjoli_Yadav__Plot_A_SC_adset - 2']",7169553933166414,2024-05-17,2024-07-31,Sohna_Premium_Plots__Sohna_Sanjoli_Yadav__17/05/24_campaign,2187.0,53.0,373.18,0.0,16.0,41.0,0.0,17.0,17.0,1.0,6.0,62.196666666666665,88.85238095238095,8.833333333333334,170.63557384545038,7.041132075471698,0.02423411065386374,0.3018867924528302,0.375
40,66d874f408b05b0db2e848b8,AUCTION,2024-05-16T17:12:49+0530,120209781458690764,1400000,Aashiana-SG-Max_Gurugram_Sanjoli_Yadav__16/05/24_campaign,2024-05-16T17:12:50+0530,PAUSED,2024-06-16T11:42:30+0530,"['120209781460040764', '120210241983290764']","['Conscient_80_Sanjoli_Yadav__Res_L_LC_adset', 'Aashiana_WiFI']",7169553933166414,2024-05-16,2024-07-14,Aashiana-SG-Max_Gurugram_Sanjoli_Yadav__16/05/24_campaign,11374.0,68.0,5289.55,0.0,30.0,59.0,0.0,45.0,45.0,12.0,8.0,661.19375,944.5625000000001,8.5,465.05626868296116,77.78750000000001,0.005978547564621066,0.4411764705882353,0.26666666666666666
41,66d874f408b05b0db2e848b9,AUCTION,2024-05-13T22:14:32+0530,120209653748000764,,Conscient_Sector_80_Gurugram_manjeet_singh_13/05/24_campaign_C2WA,2024-05-13T22:14:33+0530,PAUSED,2024-05-20T23:59:00+0530,['120209653748320764'],['Top Funnel'],7169553933166414,2024-05-13,2024-06-17,Conscient_Sector_80_Gurugram_manjeet_singh_13/05/24_campaign_C2WA,11113.0,172.0,2239.49,0.0,38.0,151.0,0.0,48.0,48.0,9.0,,,,,201.51984162692344,13.020290697674417,0.015477368847295959,0.22093023255813954,
42,66d874f408b05b0db2e848ba,AUCTION,2024-05-13T12:55:56+0530,120209637317410764,1750000,Courtyard_62_Gurugram_Laxchmaan_Negi_13/05/24_campaign,2024-05-13T12:55:57+0530,PAUSED,2024-06-13T07:23:31+0530,"['120209637317520764', '120209936982390764']","['Courtyard_62_Laxchmaan_Negi_Com_L_LC_adset', 'Commercial_Courtyard_2']",7169553933166414,2024-05-13,2024-07-11,Courtyard_62_Gurugram_Laxchmaan_Negi_13/05/24_campaign,1404.0,9.0,710.03,0.0,4.0,8.0,0.0,6.0,6.0,2.0,1.0,710.03,1014.3285714285714,9.0,505.7193732193732,78.89222222222222,0.00641025641025641,0.4444444444444444,0.25
43,66d874f408b05b0db2e848bb,AUCTION,2024-05-11T18:15:37+0530,120209585645540764,1540000,ONE_GOA_Gurugram_Sanjoli_Yadav__11/05/24_campaign,2024-05-11T18:15:38+0530,PAUSED,2024-06-11T12:45:14+0530,"['120209585646380764', '120209614374480764']","['ONE_GOA_Sanjoli_Yadav__Plot_A_LC_adset', 'ONE_GOA_Sanjoli_Yadav__Plot_A_LC_Refined Interest']",7169553933166414,2024-05-11,2024-07-09,ONE_GOA_Gurugram_Sanjoli_Yadav__11/05/24_campaign,42462.0,224.0,14408.36,0.0,120.0,186.0,0.0,160.0,160.0,30.0,27.0,533.642962962963,762.34708994709,8.296296296296296,339.32363054024773,64.32303571428572,0.005275304978569074,0.5357142857142857,0.225
44,66d874f408b05b0db2e848bc,AUCTION,2024-05-11T12:12:33+0530,120209575919550764,4900000,Conscient_Sector_80_Gurugram_manjeet_singh_11/05/24_campaign,2024-05-11T16:33:55+0530,PAUSED,2024-05-27T06:40:07+0530,"['120209582693070764', '120209593814770764', '120209593875940764']","['Conscient_Sector_80_LeapX_Campaigns_Res_L_LC_adset', 'Conscient_Sector_80_LeapX_Campaigns_Res_L_LC_adset_investment', 'Conscient_Sector_80_LeapX_Campaigns_Res_L_LC_adset_LAL']",7169553933166414,2024-05-11,2024-06-24,Conscient_Sector_80_Gurugram_manjeet_singh_11/05/24_campaign,594.0,2.0,1402.5,0.0,0.0,2.0,0.0,46.0,46.0,8.0,5.0,280.5,400.7142857142857,0.4,2361.1111111111113,701.25,0.003367003367003367,0.0,0.0
45,66d874f408b05b0db2e848bd,AUCTION,2024-05-02T16:01:18+0530,120209232857950764,3520000,Luxury_Properties_in_South_Delhi_Delhi_BADAL_GUPTA_02/05/24_campaign,2024-05-03T12:00:00+0530,PAUSED,2024-06-15T20:00:00+0530,"['120209241503610764', '120209244563360764']","['Luxury_Properties_in_South_Delhi_Delhi_BADAL_GUPTA_02/05/24_adset_iphone', 'Luxury_Properties_in_South_Delhi_Delhi_BADAL_GUPTA_02/05/24_adset_android – Copy']",7169553933166414,2024-05-03,2024-07-13,Luxury_Properties_in_South_Delhi_Delhi_BADAL_GUPTA_02/05/24_campaign,86115.0,1513.0,34608.01,0.0,532.0,1048.0,0.0,1962.0,1966.0,89.0,61.0,567.3444262295083,810.4920374707261,24.80327868852459,401.881321488707,22.873767349636484,0.017569529118039832,0.3516192994051553,0.11466165413533834
46,66d874f408b05b0db2e848be,AUCTION,2024-04-19T20:27:47+0530,120208850114080764,7000000,Ninex_Sriflex_City_Gurugram_Ayushi_Mittal_19/04/24_campaign,2024-04-19T20:27:48+0530,PAUSED,2024-05-03T14:57:00+0530,['120208850114370764'],['Ninex_Sriflex_City_Ayushi_Mittal_Res_A_SC_adset'],7169553933166414,2024-04-19,2024-05-31,Ninex_Sriflex_City_Gurugram_Ayushi_Mittal_19/04/24_campaign,358424.0,12143.0,41617.94,0.0,3262.0,8635.0,0.0,3508.0,3512.0,171.0,467.0,89.11764453961456,127.31092077087796,26.002141327623125,116.11370890342165,3.427319443300667,0.03387886971854563,0.26863213373960304,0.14316370324954017
47,66d874f408b05b0db2e848bf,AUCTION,2024-04-17T20:01:37+0530,120208764186460764,3500000,Ultra_Luxury_4BHK_Floor_Faridabad_pankaj_soni_17/04/24_campaign,2024-04-18T12:00:00+0530,PAUSED,2024-05-24T20:00:00+0530,['120208764215970764'],['Ultra_Luxury_4BHK_Floor_Faridabad_pankaj_soni_17/04/24_adset'],7169553933166414,2024-04-18,2024-06-21,Ultra_Luxury_4BHK_Floor_Faridabad_pankaj_soni_17/04/24_campaign,25010.0,285.0,22201.37,0.0,98.0,215.0,0.0,683.0,684.0,24.0,12.0,1850.1141666666665,2643.0202380952383,23.75,887.6997201119552,77.89954385964911,0.011395441823270692,0.34385964912280703,0.12244897959183673
48,66d874f408b05b0db2e848c0,AUCTION,2024-04-17T16:59:23+0530,120208758419140764,3500000,Omaxe_Chandni_Chowk_Delhi_LeapX_17/04/24_campaign,2024-04-17T16:59:24+0530,PAUSED,2024-05-19T23:59:00+0530,"['120208758420030764', '120209122936350764']","['Omaxe_Chandni_Chowk_LeapX_Com_A_LC_adset', 'Top Funnel']",7169553933166414,2024-04-17,2024-06-16,Omaxe_Chandni_Chowk_Delhi_LeapX_17/04/24_campaign,48247.0,454.0,20016.97,0.0,125.0,331.0,0.0,177.0,177.0,44.0,11.0,1819.7245454545455,2599.6064935064937,41.27272727272727,414.8852778411093,44.090242290748904,0.009409911497087902,0.2753303964757709,0.088
49,66d874f408b05b0db2e848c1,AUCTION,2024-04-16T19:00:03+0530,120208715543720764,3500000,Omaxe_Dwarka_19_Delhi_LeapX_16/04/24_campaign_v,2024-04-16T20:00:00+0530,PAUSED,2024-05-17T09:22:02+0530,['120208715543710764'],['Omaxe_Dwarka_19_LeapX_Com_A_LC_adset_v'],7169553933166414,2024-04-16,2024-06-14,Omaxe_Dwarka_19_Delhi_LeapX_16/04/24_campaign_v,148309.0,1135.0,35000.0,0.0,473.0,888.0,0.0,588.0,588.0,68.0,83.0,421.68674698795184,602.4096385542168,13.674698795180722,235.99376976447823,30.837004405286343,0.007652940819505222,0.4167400881057269,0.17547568710359407
50,66d874f408b05b0db2e848c2,AUCTION,2024-04-12T17:51:58+0530,120208544107320764,8400000,M3M_Mansion_Gurugram_Let_s_Movin_12/04/24_campaign_1,2024-04-12T17:51:58+0530,PAUSED,2024-05-19T00:00:00+0530,"['120208544107880764', '120208697829120764', '120208877613390764', '120209122551980764']","['M3M_Mansion_Let_s_Movin_Res_L_LC_adset', '5Cr_LAL_M3M_Mansion', 'Interest & Behaviour-targeting', 'Top Funnel']",7169553933166414,2024-04-12,2024-06-15,M3M_Mansion_Gurugram_Let_s_Movin_12/04/24_campaign_1,41419.0,347.0,49646.95,0.0,163.0,274.0,0.0,214.0,214.0,39.0,42.0,1182.070238095238,1688.6717687074831,8.261904761904763,1198.651585021367,143.07478386167145,0.008377797629107415,0.4697406340057637,0.25766871165644173
51,66d874f408b05b0db2e848c3,AUCTION,2024-04-09T14:17:22+0530,120208410349870764,3135000,Whiteland_Sector_103_20240409084721718,2024-04-09T14:17:23+0530,PAUSED,2024-04-27T08:46:00+0530,"['120208410351390764', '120208456963850764']","['120208410349870764_20240409084723353_5Cr_LAL', '120208410349870764_20240409084723353 – LAL']",7169553933166414,2024-04-09,2024-05-25,Whiteland_Sector_103_20240409084721718,47883.0,230.0,25167.27,0.0,120.0,186.0,0.0,230.0,230.0,99.0,27.0,932.1211111111111,1331.6015873015874,8.518518518518519,525.5992732284944,109.42291304347826,0.004803374892968277,0.5217391304347826,0.225
52,66d874f408b05b0db2e848c4,AUCTION,2024-04-05T18:53:33+0530,120208264075890764,3500000,WhiteLand_New_Launch_05042024,2024-04-05T20:12:00+0530,PAUSED,2024-04-21T18:12:00+0530,"['120208264077100764', '120208380017720764']","['Whiteland_New_Launch_Adset_1', 'Whiteland_New_Launch_Adset_2-Advtg+']",7169553933166414,2024-04-05,2024-05-19,WhiteLand_New_Launch_05042024,435.0,3.0,434.3,0.0,0.0,3.0,0.0,1.0,1.0,1.0,3.0,144.76666666666668,206.80952380952382,1.0,998.3908045977012,144.76666666666668,0.006896551724137931,0.0,0.0
53,66d874f408b05b0db2e848c5,AUCTION,2024-03-08T18:32:58+0530,120206984952970764,232200,Delhi_Focused_MDDA_APPROVED_BHAUWALA_DEHRADUN_RESIDENTIAL_PLOTS_20240226114117205 – Copy,2024-03-08T18:32:58+0530,PAUSED,2024-03-28T11:39:51+0530,['120206984953020764'],['120206413402790764_20240226114118835 – Delhi'],7169553933166414,2024-03-08,2024-04-25,Delhi_Focused_MDDA_APPROVED_BHAUWALA_DEHRADUN_RESIDENTIAL_PLOTS_20240226114117205 – Copy,1954.0,49.0,684.09,0.0,17.0,42.0,0.0,17.0,17.0,,3.0,228.03,325.7571428571429,16.333333333333332,350.09723643807575,13.961020408163266,0.025076765609007165,0.3469387755102041,0.17647058823529413
54,66d874f408b05b0db2e848c6,AUCTION,2024-03-08T18:27:53+0530,120206984702960764,239100,Delhi_Focused_R3_land_Bhauwala_Dehradun,2024-03-08T18:27:54+0530,PAUSED,2024-03-28T11:13:31+0530,['120206984702980764'],['R3_land_Bhauwala_Dehradun_120206412460290764_20240226112119732 – DelhiCopy'],7169553933166414,2024-03-08,2024-04-25,Delhi_Focused_R3_land_Bhauwala_Dehradun,2598.0,125.0,940.17,0.0,22.0,98.0,0.0,23.0,23.0,,9.0,104.46333333333332,149.23333333333335,13.88888888888889,361.8822170900693,7.52136,0.0481139337952271,0.176,0.4090909090909091
55,66d874f408b05b0db2e848c7,AUCTION,2024-03-07T20:10:47+0530,120206935593160764,700000,Smart_World_T20_Offer_Experiment Campaign,2024-03-07T20:16:00+0530,PAUSED,2024-03-14T07:47:00+0530,['120206935593140764'],['120206920304880764_20240307074750702'],7169553933166414,2024-03-07,2024-04-11,Smart_World_T20_Offer_Experiment Campaign,41.0,0.0,50.9,0.0,0.0,0.0,0.0,1.0,1.0,1.0,,,,,1241.4634146341464,0.0,0.0,0.0,0.0
56,66d874f408b05b0db2e848c8,AUCTION,2024-02-28T17:28:00+0530,120206529536260764,461000,R3_land_Bhauwala_Dehradun,2024-02-28T17:41:32+0530,PAUSED,2024-03-28T11:13:31+0530,"['120206529611000764', '120206531609290764']","['R3_land_Bhauwala_Dehradun_120206412460290764_20240226112119732', 'R3_land_Bhauwala_Dehradun_120206412460290764_20240226112119732 – DelhiCopy']",7169553933166414,2024-02-28,2024-04-25,R3_land_Bhauwala_Dehradun,6557.0,281.0,1814.49,0.0,82.0,196.0,0.0,100.0,100.0,11.0,25.0,72.5796,103.68514285714288,11.24,276.7256367241116,6.457259786476868,0.04285496416043923,0.2918149466192171,0.3048780487804878
57,66d874f408b05b0db2e848c9,AUCTION,2024-02-27T20:58:52+0530,120206478267690764,14000000,M3M_NOW_WOW_Campaign_performing,2024-02-27T21:00:37+0530,PAUSED,2024-03-31T00:00:00+0530,['120206478267670764'],['NCR Universe Targeting'],7169553933166414,2024-02-27,2024-04-27,M3M_NOW_WOW_Campaign_performing,495344.0,3871.0,140000.0,0.0,1308.0,2900.0,0.0,1580.0,1580.0,190.0,192.0,729.1666666666666,1041.6666666666667,20.161458333333332,282.6318679543913,36.166365280289334,0.007814771148938918,0.33789718419013176,0.14678899082568808
58,66d874f408b05b0db2e848ca,AUCTION,2024-02-26T17:11:17+0530,120206413402790764,467800,MDDA_APPROVED_BHAUWALA_DEHRADUN_RESIDENTIAL_PLOTS_20240226114117205,2024-02-26T17:11:19+0530,PAUSED,2024-03-28T11:39:51+0530,"['120206413403280764', '120206526203910764']","['120206413402790764_20240226114118835', '120206413402790764_20240226114118835 – Delhi']",7169553933166414,2024-02-26,2024-04-25,MDDA_APPROVED_BHAUWALA_DEHRADUN_RESIDENTIAL_PLOTS_20240226114117205,4022.0,153.0,1474.34,0.0,43.0,115.0,0.0,53.0,53.0,4.0,9.0,163.81555555555553,234.0222222222222,17.0,366.56887120835404,9.636209150326797,0.03804077573346594,0.28104575163398693,0.20930232558139536
59,66d874f408b05b0db2e848cb,AUCTION,2024-02-23T12:13:12+0530,120206254731370764,,Smart World The Edition - 2 Campaign,2024-02-23T12:15:19+0530,PAUSED,2024-03-03T00:00:59+0530,['120206254731380764'],['Smart World The Edition - 2 Ad Set'],7169553933166414,2024-02-23,2024-03-31,Smart World The Edition - 2 Campaign,37185.0,372.0,53285.23,0.0,131.0,309.0,0.0,260.0,260.0,120.0,30.0,1776.1743333333334,2537.391904761905,12.4,1432.9764690063198,143.23986559139786,0.010004033884630899,0.3521505376344086,0.22900763358778625
60,66d874f408b05b0db2e848cc,AUCTION,2024-02-23T12:05:45+0530,120206254267070764,5320097,Smart World One DXP – 2,2024-02-23T12:05:46+0530,PAUSED,2024-03-03T21:49:15+0530,"['120206254267100764', '120206265863850764', '120206265891780764']","['Smart World One DXP - 2', 'Smart World One DXP - 2 – Eased Targeting', 'Smart World One DXP - 2 – Only Advantage+']",7169553933166414,2024-02-23,2024-03-31,Smart World One DXP – 2,993.0,24.0,2936.43,0.0,8.0,21.0,0.0,10.0,10.0,2.0,1.0,2936.43,4194.9,24.0,2957.129909365559,122.35125,0.02416918429003021,0.3333333333333333,0.125
61,66d874f408b05b0db2e848cd,AUCTION,2024-02-23T11:50:42+0530,120206253896230764,13772456,True Habitat Plots – 2,2024-02-23T11:58:36+0530,PAUSED,2024-03-31T21:49:00+0530,"['120206253896250764', '120206265957810764']","['True Habitat Plots - Adset', 'True Habitat Plots - Adset – Eased']",7169553933166414,2024-02-23,2024-04-28,True Habitat Plots – 2,283350.0,5025.0,129668.02,0.0,1439.0,3387.0,0.0,1735.0,1735.0,200.0,189.0,686.0741798941799,980.1059712773999,26.58730158730159,457.6249161814011,25.804581094527364,0.017734250926416093,0.2863681592039801,0.13134120917303682
62,66d874f408b05b0db2e848ce,AUCTION,2024-02-22T03:36:27+0530,120206184178900764,14000000,True Habitat Plots,2024-02-22T09:30:49+0530,PAUSED,2024-03-22T21:49:15+0530,['120206184178890764'],['True Habitat Plots - Adset'],7169553933166414,2024-02-22,2024-04-19,True Habitat Plots,3920.0,160.0,2276.43,0.0,28.0,133.0,0.0,34.0,34.0,4.0,3.0,758.81,1084.0142857142857,53.333333333333336,580.7219387755102,14.227687499999998,0.04081632653061224,0.175,0.10714285714285714
63,66d874f408b05b0db2e848cf,AUCTION,2024-02-19T18:34:01+0530,120206061672090764,6720000,Smart World One DXP,2024-02-19T18:45:03+0530,PAUSED,2024-03-03T21:49:15+0530,['120206061672080764'],['Smart World One DXP - Adset'],7169553933166414,2024-02-19,2024-03-31,Smart World One DXP,13103.0,156.0,13999.2,0.0,50.0,123.0,0.0,71.0,71.0,17.0,4.0,3499.8,4999.714285714286,39.0,1068.3965504083035,89.73846153846155,0.011905670457147218,0.32051282051282054,0.08
64,66d874f408b05b0db2e848d0,AUCTION,2024-02-19T17:34:50+0530,120206059489370764,6860000,Smart World The Edition,2024-02-19T17:34:50+0530,PAUSED,2024-03-03T00:00:59+0530,['120206059489380764'],['Smart World The Edition - Adset - 1'],7169553933166414,2024-02-19,2024-03-31,Smart World The Edition,15521.0,118.0,15314.87,0.0,57.0,107.0,0.0,80.0,80.0,21.0,2.0,7657.435,10939.192857142858,59.0,986.7192835513175,129.78703389830508,0.007602602925069261,0.4830508474576271,0.03508771929824561
65,66d874f408b05b0db2e848d1,AUCTION,2024-02-17T22:32:17+0530,120205984237160764,7000000,Smart World One DXP - 1,2024-02-17T22:32:17+0530,PAUSED,2024-03-02T21:49:15+0530,['120205984237320764'],['Adset_Targeting-Wifi - 1'],7169553933166414,2024-02-17,2024-03-30,Smart World One DXP - 1,1766.0,28.0,1830.86,0.0,4.0,25.0,0.0,10.0,10.0,6.0,,,,,1036.727066817667,65.38785714285714,0.015855039637599093,0.14285714285714285,
66,66d874f408b05b0db2e848d2,AUCTION,2024-02-17T22:36:13+0530,120205976911840764,7000000,Smart World The Edition,2024-02-17T22:45:59+0530,PAUSED,2024-03-02T00:00:59+0530,['120205976911860764'],['Smart World The Edition - Adset - 1'],7169553933166414,2024-02-17,2024-03-30,Smart World The Edition,2381.0,13.0,1881.23,0.0,7.0,13.0,0.0,9.0,9.0,1.0,,,,,790.1007979840404,144.71,0.005459890802183957,0.5384615384615384,
67,66d874f408b05b0db2e848d3,AUCTION,2024-02-09T16:29:22+0530,120205616124120764,259000,Trehan_Res_3rd_Campaign,2024-02-09T16:40:39+0530,PAUSED,2024-02-15T15:47:58+0530,"['120205616124240764', '120205622573460764']","['Amit_Targeting', 'Amit_Targeting – LAL']",7169553933166414,2024-02-09,2024-03-14,Trehan_Res_3rd_Campaign,2936.0,27.0,2093.69,0.0,14.0,22.0,0.0,610.0,610.0,3.0,2.0,1046.845,1495.4928571428572,13.5,713.1096730245232,77.54407407407408,0.009196185286103543,0.5185185185185185,0.14285714285714285
68,66d874f408b05b0db2e848d4,AUCTION,2024-08-31T16:14:58+0530,120210663993570641,910000,Managed_Service_Apartments_Gurugram_Mayank_Parnami_31/08/24_campaign,2024-08-31T17:32:07+0530,ACTIVE,2024-09-15T22:14:57+0530,"['120210663998570641', '120210665110970641']","['Managed_Service_Apartments_Mayank_Parnami_Res_L_LC_investor_focused_adset', 'Managed_Service_Apartments_Mayank_Parnami_Res_L_LC_LAL_3cr_adset']",1897893137309333,2024-08-31,2024-09-04,Managed_Service_Apartments_Gurugram_Mayank_Parnami_31/08/24_campaign,3539.0,56.0,1234.97,0.0,40.0,44.0,0.0,392.0,392.0,5.0,2.0,617.485,882.1214285714286,28.0,348.96015823679005,22.053035714285716,0.015823679005368747,0.7142857142857143,0.05
69,66d874f408b05b0db2e848d5,AUCTION,2024-08-24T14:04:19+0530,120210518197220641,5304600,Puri_Diplomatic_Residences_Gurugram_Axiom_Plus_Services_LLP_24/08/24_campaign,2024-08-24T16:00:00+0530,ACTIVE,2024-09-23T20:04:18+0530,"['120210518199940641', '120210519284180641', '120210519318570641']","['Puri_Diplomatic_Residences_Axiom_Plus_Services_LLP_Res_L_LC_investor_focused_adset', 'Puri_Diplomatic_Residences_Axiom_Plus_Services_LLP_Res_LAL_3cr_adset', 'Puri_Diplomatic_Residences_Axiom_Plus_Services_LLP_Res_LAL_5cr_adset']",1897893137309333,2024-08-24,2024-09-04,Puri_Diplomatic_Residences_Gurugram_Axiom_Plus_Services_LLP_24/08/24_campaign,16903.0,661.0,5510.66,0.0,444.0,530.0,0.0,1653.0,1653.0,63.0,2.0,2755.33,3936.1857142857143,330.5,326.0166834289771,8.336853252647504,0.03910548423356801,0.6717095310136157,0.0045045045045045045
70,66d874f408b05b0db2e848d6,AUCTION,2024-08-23T13:45:14+0530,120210493428180641,593200,Recruitment_Realtors_Ayushi_Axiom_Campaign_23-08-2024,2024-08-23T13:45:14+0530,ACTIVE,2024-09-07T12:49:00+0530,['120210493428230641'],['Recruitment_Realtors_Ayushi_Axiom_Campaign_adset_23-08-2024'],1897893137309333,2024-08-23,2024-09-04,Recruitment_Realtors_Ayushi_Axiom_Campaign_23-08-2024,15836.0,813.0,4952.88,0.0,229.0,457.0,0.0,303.0,307.0,53.0,139.0,35.63223021582734,50.903186022610484,5.848920863309353,312.76079818135895,6.0921033210332105,0.051338721899469565,0.2816728167281673,0.6069868995633187
71,66d874f408b05b0db2e848d7,AUCTION,2024-08-20T11:53:31+0530,120210421579810641,5932150,Smart_World_Sec_69_Gurugram_Axiom_Plus_Services_LLP_20/08/24_campaign,2024-08-20T14:12:05+0530,PAUSED,2024-09-19T17:53:30+0530,"['120210421585400641', '120210429466050641', '120210429840040641']","['Smart_World_Sec_69_Axiom_Plus_Services_LLP_Res_L_LC_investor_focused_adset1', 'Smart_World_Sec_69_Axiom_Plus_Services_LLP_Res_L_LC_LAL_3cr_adset2', 'Smart_World_Sec_69_Axiom_Plus_Services_LLP_Res_L_LC_LAL_5cr_adset3']",1897893137309333,2024-08-20,2024-09-04,Smart_World_Sec_69_Gurugram_Axiom_Plus_Services_LLP_20/08/24_campaign,2863.0,36.0,1493.88,0.0,23.0,32.0,0.0,955.0,955.0,11.0,1.0,1493.88,2134.114285714286,36.0,521.7883339154732,41.49666666666667,0.012574222843171499,0.6388888888888888,0.043478260869565216
72,66d874f408b05b0db2e848d8,AUCTION,2024-08-20T11:23:09+0530,120210421110140641,5932220,ATS_Homekraft_Sanctuary_105_Gurugram_Axiom_Plus_Services_LLP_20/08/24_campaign,2024-08-20T17:36:02+0530,ACTIVE,2024-09-19T17:23:09+0530,"['120210428228820641', '120210430415610641']","['ATS_Homekraft_Sanctuary_105_LeapX_Campaigns_Res_V_LC_investor_focused_adset', 'ATS_Homekraft_Sanctuary_105_LeapX_Campaigns_Res_V_LC_LAL_3Cr_adset2']",1897893137309333,2024-08-20,2024-09-04,ATS_Homekraft_Sanctuary_105_Gurugram_Axiom_Plus_Services_LLP_20/08/24_campaign,79103.0,1493.0,23902.68,0.0,482.0,1114.0,0.0,12324.0,12325.0,54.0,74.0,323.0091891891892,461.4416988416989,20.175675675675677,302.1715990543974,16.009832551908907,0.01887412613933732,0.32283991962491626,0.15352697095435686
73,66d874f408b05b0db2e848d9,AUCTION,2024-08-14T21:40:48+0530,120210294451350641,3500000,Smartworld_69_Gurugram_Sarabjit_14/08/24_campaign,2024-08-14T21:42:00+0530,PAUSED,2024-09-14T18:17:26+0530,"['120210294451410641', '120210299629530641', '120210299771860641']","['Smartworld_69_Sarabjit_Res_L_LC_investor_focused_adset1', 'Smartworld_69_Sarabjit_Res_L_LC_investor_focused_LAL_adset2', 'Smartworld_69_Sarabjit_Res_L_LC_investor_focused_adset3']",1897893137309333,2024-08-14,2024-09-04,Smartworld_69_Gurugram_Sarabjit_14/08/24_campaign,634.0,2.0,375.84,0.0,1.0,2.0,0.0,63.0,63.0,81.0,27.0,13.92,19.885714285714286,0.07407407407407407,592.807570977918,187.92,0.0031545741324921135,0.5,27.0
74,66d874f408b05b0db2e848da,AUCTION,2024-08-14T17:49:54+0530,120210292375720641,140000,SIGNATURE_GLOBAL_NEW_LAUNCH_Gurugram_Ankit_Singh_14/08/24_New_campaign,2024-08-14T17:49:55+0530,ACTIVE,2024-08-20T16:34:00+0530,['120210292375910641'],['SIGNATURE_GLOBAL_NEW_LAUNCH_Gurugram_Ankit_Singh_14/08/24_New_Ad_set'],1897893137309333,2024-08-14,2024-09-04,SIGNATURE_GLOBAL_NEW_LAUNCH_Gurugram_Ankit_Singh_14/08/24_New_campaign,6937.0,76.0,828.54,0.0,59.0,69.0,0.0,524.0,524.0,4.0,1.0,828.54,1183.6285714285714,76.0,119.43779731872567,10.901842105263157,0.010955744558166355,0.7763157894736842,0.01694915254237288
75,66d874f408b05b0db2e848db,AUCTION,2024-08-10T12:52:48+0530,120210206293530641,1050000,SOBHA_NEOPOLIS__Manish_jain_10/08/24_campaign,2024-08-10T18:52:47+0530,ACTIVE,2024-08-25T23:00:00+0530,"['120210206302790641', '120210444687190641', '120210445617670641']","['SOBHA_NEOPOLIS_Manish_jain_Res_L_LC_investor_focused_adset', 'SOBHA_NEOPOLIS_Manish_jain_Res_L_LC_LAL_3cr_adset', 'SOBHA_NEOPOLIS_Manish_jain_Res_L_LC_LAL_5cr_adset']",1897893137309333,2024-08-10,2024-09-04,SOBHA_NEOPOLIS__Manish_jain_10/08/24_campaign,1155.0,18.0,798.72,0.0,5.0,17.0,0.0,117.0,117.0,1.0,10.0,79.872,114.10285714285715,1.8,691.5324675324675,44.373333333333335,0.015584415584415584,0.2777777777777778,2.0
76,66d874f408b05b0db2e848dc,AUCTION,2024-08-10T12:22:49+0530,120210206070790641,1050000,SOBHA_NEOPOLIS__Manish_jain_10/08/24_campaign,2024-08-10T13:20:00+0530,PAUSED,2024-08-25T18:20:47+0530,['120210206156620641'],['SOBHA_NEOPOLIS_LeapX_Campaigns_Res_L_LC_investor_focused_adset'],1897893137309333,2024-08-10,2024-09-04,SOBHA_NEOPOLIS__Manish_jain_10/08/24_campaign,334.0,3.0,216.99,0.0,2.0,3.0,0.0,2.0,2.0,,,,,,649.6706586826348,72.33,0.008982035928143712,0.6666666666666666,
77,66d874f408b05b0db2e848dd,AUCTION,2024-08-08T19:25:24+0530,120210167063220641,100000,New Leads Campaign with recommended settings(meta)_signature global_ankit singh_test 2_08/08/2024,2024-08-08T19:30:00+0530,PAUSED,2024-08-10T18:30:00+0530,['120210167063240641'],['New Leads Campaign with recommended settings(meta)_signature global_ankit singh_test 2_adset_08/08/2024'],1897893137309333,2024-08-08,2024-09-04,New Leads Campaign with recommended settings(meta)_signature global_ankit singh_test 2_08/08/2024,23604.0,85.0,999.64,0.0,64.0,79.0,0.0,85.0,85.0,21.0,1.0,999.64,1428.057142857143,85.0,42.35044907642772,11.760470588235293,0.0036010845619386545,0.7529411764705882,0.015625
78,66d874f408b05b0db2e848de,AUCTION,2024-08-08T18:55:36+0530,120210161930160641,200000,Leads on WA_LeapX_experiment_for signature ankit singh_08/08/2024,2024-08-08T18:55:37+0530,PAUSED,2024-08-12T00:00:00+0530,['120210161930250641'],['Leads on WA_LeapX_experiment_for signature ankit singh_ad_set_08/08/2024'],1897893137309333,2024-08-08,2024-09-04,Leads on WA_LeapX_experiment_for signature ankit singh_08/08/2024,1162.0,40.0,455.4,0.0,25.0,37.0,0.0,36.0,36.0,11.0,,,,,391.9104991394148,11.385,0.03442340791738382,0.625,
79,66d874f408b05b0db2e848df,AUCTION,2024-08-07T20:36:08+0530,120210145757100641,910000,Signature_Global_Mayank_Parnami_Vermillion_Global_Broad_Targeting,2024-08-07T20:36:08+0530,ACTIVE,2024-08-13T22:00:00+0530,['120210145757300641'],['Signature_Global_Mayank_Parnami_Vermillion_Global_Broad_Targeting_adset'],1897893137309333,2024-08-07,2024-09-04,Signature_Global_Mayank_Parnami_Vermillion_Global_Broad_Targeting,18558.0,115.0,9100.0,0.0,65.0,101.0,0.0,99.0,100.0,32.0,13.0,700.0,1000.0,8.846153846153847,490.35456406940403,79.1304347826087,0.0061967884470309305,0.5652173913043478,0.2
80,66d874f408b05b0db2e848e0,AUCTION,2024-08-07T16:48:24+0530,120210142522050641,700000,Royal_Greens__chandra_seshu_P_07/08/24_campaign,2024-08-07T20:07:00+0530,ACTIVE,2024-08-22T22:41:45+0530,['120210142526820641'],['Royal_Greens_chandra_seshu_P_Plot_V_LC_investor_focused_adset'],1897893137309333,2024-08-07,2024-09-04,Royal_Greens__chandra_seshu_P_07/08/24_campaign,32197.0,866.0,6999.93,0.0,267.0,602.0,0.0,5348.0,5348.0,123.0,66.0,106.05954545454546,151.51363636363638,13.121212121212121,217.40938596763672,8.083060046189377,0.026896915861726246,0.3083140877598152,0.24719101123595505
81,66d874f408b05b0db2e848e1,AUCTION,2024-08-03T12:26:01+0530,120210064917080641,830550,SIGNATURE_GLOBAL_NEW_LAUNCH_Gurugram_Ankit_Singh_03/08/24_campaign,2024-08-03T14:00:27+0530,PAUSED,2024-08-18T23:59:00+0530,"['120210065047940641', '120210125186130641', '120210264866280641']","['SIGNATURE_GLOBAL_NEW_LAUNCH_LeapX_Campaigns_Res_V_LC_investor_focused_adset', 'SIGNATURE_GLOBAL_NEW_LAUNCH_LeapX_Campaigns_Res_V_LC_investor_focused_adset – LAL', 'SIGNATURE_GLOBAL_NEW_LAUNCH_Gurugram_Ankit_Singh_Ad Set New']",1897893137309333,2024-08-03,2024-09-04,SIGNATURE_GLOBAL_NEW_LAUNCH_Gurugram_Ankit_Singh_03/08/24_campaign,1152.0,15.0,320.15,0.0,6.0,15.0,0.0,166.0,166.0,27.0,3.0,106.71666666666665,152.45238095238093,5.0,277.9079861111111,21.34333333333333,0.013020833333333334,0.4,0.5
82,66d874f408b05b0db2e848e2,AUCTION,2024-08-03T10:26:48+0530,120210063684560641,700000,S_Villas__Homely_Reality__03/08/24_campaign,2024-08-03T14:00:30+0530,ACTIVE,2024-08-18T16:25:30+0530,"['120210063694810641', '120210067606520641']","['S_Villas_Homely_Reality__Plot_L_LC_investor_focused_adset', 'S_Villas_Homely_Reality__Plot_L_LC_investor_focused_adset – new creative Copy']",1897893137309333,2024-08-03,2024-09-04,S_Villas__Homely_Reality__03/08/24_campaign,14878.0,304.0,5354.02,0.0,98.0,201.0,0.0,121.0,121.0,10.0,34.0,157.47117647058826,224.9588235294118,8.941176470588236,359.8615405296411,17.611907894736845,0.020432853878209437,0.3223684210526316,0.3469387755102041
